followers,date
daniela.dorici,14/11/2023
ograpadjo,14/11/2023
a.travelers.spot,14/11/2023
toscanarouen,14/11/2023
gracey_75.e,14/11/2023
ali.yuneess,14/11/2023
lydpro21,14/11/2023
haarjl,14/11/2023
juliano.dutra_98,14/11/2023
guidoschiavio,14/11/2023
mikilisowski,14/11/2023
b_guide1,14/11/2023
hoxieorganics,14/11/2023
engegrande,14/11/2023
tareghbolada,14/11/2023
jonbidwellphotography,14/11/2023
songulashvilidavid,14/11/2023
asdninf,14/11/2023
mariaermisch,14/11/2023
vale_portons,14/11/2023
sahar_rafihi,14/11/2023
lb.family.photo,14/11/2023
esteloupa,14/11/2023
asgierke,14/11/2023
sheelix,14/11/2023
bellver.monica,14/11/2023
dulce.k.blake,14/11/2023
lucio.missoni,14/11/2023
aurrore41,14/11/2023
tanyacullen_tantan,14/11/2023
chiara_platons81,14/11/2023
ninoskamedero,14/11/2023
hotel_therese,14/11/2023
ermabenford,14/11/2023
mashloves,14/11/2023
henk15026,14/11/2023
ouellet56728,14/11/2023
lecoucou.paris,14/11/2023
jesthanyfletcher,14/11/2023
khei_03,14/11/2023
sarang_jj00_,14/11/2023
monzmonzmonz_,14/11/2023
ingazdulska,14/11/2023
jean_lafontaine1,14/11/2023
raluca_loana,14/11/2023
davyfrederick_64,14/11/2023
pietro.bertuccelli,14/11/2023
stellaforeverdiamant,14/11/2023
mukit.214,14/11/2023
laviniavanderwood,14/11/2023
lee.robert.walker,14/11/2023
rentparisnow,14/11/2023
menard1775,14/11/2023
paris.street.focus,14/11/2023
mademoiselle_neti,14/11/2023
parisrightnow,14/11/2023
t_4_travels,14/11/2023
instrong_san,14/11/2023
celso_junior68,14/11/2023
oscarsilva7893,14/11/2023
trinad.dr.19,14/11/2023
jooo_mss,14/11/2023
kevinrosneck,14/11/2023
maryserhal,14/11/2023
kantsa9,14/11/2023
anderdassilva,14/11/2023
perotti_robert,14/11/2023
meiriphotos,14/11/2023
robertmark_85,14/11/2023
fran_ckalbert1,14/11/2023
lost_in_paris__,14/11/2023
madalinavram2,14/11/2023
statebenecosi_75,14/11/2023
davidrdubose2018,14/11/2023
alejandrolopez8015,14/11/2023
wanderlustwithdanii,14/11/2023
skoufou,14/11/2023
teensmc888,14/11/2023
tuscanweddingteam,14/11/2023
tasos_klkts,14/11/2023
felipin254,14/11/2023
yagava12,14/11/2023
khalil_ovski,14/11/2023
anloag,14/11/2023
drawing.art0920,14/11/2023
88donmr88,14/11/2023
luyunlong1965,14/11/2023
filippo.caravella80,14/11/2023
silvias19.7,14/11/2023
v.olszewska,14/11/2023
indianvillage1895,14/11/2023
nesira.kadriu,14/11/2023
hassniyaza.__anas,14/11/2023
wlageam,14/11/2023
socialseller089,14/11/2023
walter_debellis,14/11/2023
jeanluc_paname,14/11/2023
sylrbtldhx,14/11/2023
lorianeyovo,14/11/2023
joelemarteau,14/11/2023
bezenzettericardo,14/11/2023
itsbennyyyyy,14/11/2023
sarahj.oneill,14/11/2023
caacri___nulasi,14/11/2023
abok_shomal,14/11/2023
isisduranm,14/11/2023
chayhan_1517,14/11/2023
viewonstreet,14/11/2023
guerrnico84,14/11/2023
11carly3,14/11/2023
noel_yagoto,14/11/2023
axel2frx,14/11/2023
ewansturmey_photography,14/11/2023
estilo_de_vida_bilionario,14/11/2023
who_is_allen,14/11/2023
ninodanilojesus,14/11/2023
lucia.colella903,14/11/2023
jeromequemeneurimmobilier,14/11/2023
vanchy89,14/11/2023
christelle75art,14/11/2023
swingsim,14/11/2023
ria1381,14/11/2023
liza_o10,14/11/2023
aprriicot,14/11/2023
nm617212,14/11/2023
thetravelexplore,14/11/2023
baby_m17775,14/11/2023
mega_club_3,14/11/2023
ncar.ter9,14/11/2023
harald_schmidt60,14/11/2023
only.a.carryon,14/11/2023
octavian_100,14/11/2023
stephanie.wlt,14/11/2023
faux_billetsofficiel,14/11/2023
amyerma519,14/11/2023
thesaltysuitcase,14/11/2023
danijelkadic,14/11/2023
revestite,14/11/2023
franck_bourse,14/11/2023
theking02070,14/11/2023
innaoskerko,14/11/2023
a01022439581,14/11/2023
mariaisabelolivera7,14/11/2023
aymanmostafa18oogmail.com_,14/11/2023
traveltalesworld2023,14/11/2023
foutrasvagelis,14/11/2023
marc.t.lerner,14/11/2023
pierre.cabral2,14/11/2023
oliver.gb44,14/11/2023
_.fabriziosandon._,14/11/2023
sue.lewis.77312,14/11/2023
lopezmariajose8954321,14/11/2023
juliofct,14/11/2023
carmenxita55,14/11/2023
vesnazdrnja,14/11/2023
mahsa.efti,14/11/2023
sandrakruel,14/11/2023
smith.toure.9,14/11/2023
elviejondelabarba2020,14/11/2023
sonchic1,14/11/2023
emika.gr,14/11/2023
saboxat_1993,14/11/2023
lil_bit_of_blue,14/11/2023
charliestar1016,14/11/2023
__.__christian__.__,14/11/2023
itz_______me_______raj,14/11/2023
tatoo_gui_jean_michel,14/11/2023
ivurmanov,14/11/2023
mszisa,14/11/2023
mustlala_134,14/11/2023
kerolajnbejbi,14/11/2023
karpovaolgafk,14/11/2023
jack_ponceenrile,14/11/2023
attractive.tourism.y,14/11/2023
pierre.feelings,14/11/2023
haidaciuc_ligia_mihaela,14/11/2023
adeellaaassworld,14/11/2023
silvana_delarosa,14/11/2023
mms_mallem,14/11/2023
von_kreuzberg,14/11/2023
__travel___diaries,14/11/2023
joserocha1311,14/11/2023
valesmigol,14/11/2023
elinashevchenko22,14/11/2023
domfar__,14/11/2023
deniroboeung,14/11/2023
carinefrancesinha,14/11/2023
lvrssinllll,14/11/2023
joo_woo3,14/11/2023
thomas.schreiber.1426,14/11/2023
ella.morris95_,14/11/2023
colochon,14/11/2023
joorabchi,14/11/2023
snapshotsandasuitcase,14/11/2023
amandakey17,15/11/2023
76.smiles,15/11/2023
shoottokiill,15/11/2023
tantotthierry,15/11/2023
lukpoo55,15/11/2023
marinomentoni,15/11/2023
patricia.miron.ph,15/11/2023
bernd_20.07,15/11/2023
matteo.ori,15/11/2023
aleksandarmiskov,15/11/2023
unapariginafofolle,15/11/2023
antonio_del_core,15/11/2023
flaviapsi_peres111,15/11/2023
birgit.rosenschon,15/11/2023
catxphotoo,15/11/2023
martiii__land,15/11/2023
marjorienemes,15/11/2023
sturialematteo,15/11/2023
pontaltifranci,15/11/2023
schmoutax,16/11/2023
ma.rcelino6878,16/11/2023
tablesandbeds,16/11/2023
s.b.e.c.k,16/11/2023
ulisesserna62,16/11/2023
syeod_,16/11/2023
dkkekznsnsnjsn,16/11/2023
danielbarin93,16/11/2023
cememezes2001,16/11/2023
vivamosparis,16/11/2023
segalealessandro,16/11/2023
d.raluca.a,16/11/2023
dadou_7998,16/11/2023
homestay_harlem,16/11/2023
bromo_ijen_tour_transport,16/11/2023
annamariabortolozzo,16/11/2023
mathieu_a85,16/11/2023
tapu.maria.1,16/11/2023
__ivi_millos_,16/11/2023
andrea_bartolomei_ph,16/11/2023
hodamostafapaintings,16/11/2023
sandroanetrini,16/11/2023
artladymartinealison,16/11/2023
izazu_fotografie,16/11/2023
kyu.kyuta,16/11/2023
thierrypierre,17/11/2023
safi85fr,17/11/2023
laitale86,17/11/2023
timothychankc_mzn,17/11/2023
ma.nsilla8,17/11/2023
em_lcvr,17/11/2023
hjjiihjkkjjju,17/11/2023
paumanzitti,17/11/2023
maysyousef369,17/11/2023
joannemillar27,17/11/2023
alexita272010,17/11/2023
albisan88ju,18/11/2023
doraspons26,18/11/2023
shanaq10gg,18/11/2023
taah_valerio,18/11/2023
traceyhoxie_,18/11/2023
nicolas.btl,18/11/2023
telma.soares.792,18/11/2023
aurelianmeirosu,18/11/2023
paris.epique,18/11/2023
yaz.guerrero26,18/11/2023
jordy_afana,18/11/2023
meepetak,19/11/2023
martinenglishtutor,19/11/2023
staceyober,19/11/2023
renee_arnoo,19/11/2023
jlenn415,19/11/2023
beli.montes,19/11/2023
parisphotogram,19/11/2023
yoann.salvatore,19/11/2023
nicoleta3208,19/11/2023
s0r489,19/11/2023
angelomura3005,19/11/2023
massimo.antonacci.92,19/11/2023
dailygraphyy,19/11/2023
jejejejewe,19/11/2023
tiziana_1954,19/11/2023
jammieoz,19/11/2023
cdn_bucketlisttravels,19/11/2023
lvrssinlll,19/11/2023
natachagedwillo,19/11/2023
incognito_somewhere,19/11/2023
