followings,date
mohamed_raouf86,14/11/2023
asoradesign,14/11/2023
asdninf,14/11/2023
charbel.gedeon,14/11/2023
kirstensichmann,14/11/2023
judyissmart,14/11/2023
__travel___diaries,14/11/2023
latifi.labinot,14/11/2023
filmphotos_35mm_,14/11/2023
believe_shoponline,14/11/2023
shx.myview,14/11/2023
lost_in_paris__,14/11/2023
atanaskaa,14/11/2023
jeremiahmartinbacon,14/11/2023
jean_lafontaine1,14/11/2023
haarjl,14/11/2023
v.olszewska,14/11/2023
guerrnico84,14/11/2023
adeellaaassworld,14/11/2023
sandrakruel,14/11/2023
bernhard4036,14/11/2023
hardpj,14/11/2023
camputaro_giuseppe,14/11/2023
misieur.may,14/11/2023
intothestyled,14/11/2023
prashantdagar15,14/11/2023
dtorfer,14/11/2023
renellis94,14/11/2023
ja.ckie5314,14/11/2023
ewansturmey_photography,14/11/2023
italyholic,14/11/2023
tomgokmun,14/11/2023
anderdassilva,14/11/2023
wlageam,14/11/2023
alexbondi_quanta,14/11/2023
maaritjantunen,14/11/2023
only.a.carryon,14/11/2023
dariaphotoparis,14/11/2023
innaoskerko,14/11/2023
yagava12,14/11/2023
annamariascolesi,14/11/2023
tatoo_gui_jean_michel,14/11/2023
9639.omer,14/11/2023
tuscanweddingteam,14/11/2023
juliano.dutra_98,14/11/2023
2canards.atelier,14/11/2023
celen740703,14/11/2023
mbi_photo1,14/11/2023
asgierke,14/11/2023
fioravante_gianfilippo,14/11/2023
_letuecitazioni_,14/11/2023
shelby__briggs,14/11/2023
ali.bakhtiari.10048,14/11/2023
art_sanmi,14/11/2023
filippo.caravella80,14/11/2023
octavian_100,14/11/2023
ali.yuneess,14/11/2023
daker_258,14/11/2023
lindaisabella_36,14/11/2023
liuba_sokolova13,14/11/2023
smurch10,14/11/2023
ermabenford,14/11/2023
indianvillage1895,14/11/2023
thomas.schreiber.1426,14/11/2023
mikilisowski,14/11/2023
maryserhal,14/11/2023
espanolytinto,14/11/2023
tantotthierry,14/11/2023
lvrssinllll,14/11/2023
hiro_sukeyasu,14/11/2023
menofpride,14/11/2023
allora.lepodcast,14/11/2023
telyakovanastasia,14/11/2023
guidoschiavio,14/11/2023
shoottokiill,14/11/2023
axel2frx,14/11/2023
valerogarciadavid,14/11/2023
madalinavram2,14/11/2023
atelier_athem,14/11/2023
contacomigoeconfia,14/11/2023
flaviapsi_peres111,14/11/2023
najaka_ph,14/11/2023
nonnaannaofficial_,14/11/2023
wadi_rum_camp_jordan1,14/11/2023
sarahj.oneill,14/11/2023
drh02066,14/11/2023
foutrasvagelis,14/11/2023
stellaforeverdiamant,14/11/2023
florentia71,14/11/2023
steffyzaccaria,14/11/2023
marie.helenerou24,14/11/2023
nesira.kadriu,14/11/2023
elinashevchenko22,14/11/2023
fp_nacchia,14/11/2023
lil_bit_of_blue,14/11/2023
vanchy89,14/11/2023
the.roads.i.take,14/11/2023
tom.atmaja,14/11/2023
kaciiiiis,14/11/2023
parisrightnow,14/11/2023
villamil9354,14/11/2023
chayhan_1517,14/11/2023
sheelix,14/11/2023
satobekerian,14/11/2023
axella_pics,14/11/2023
skoufou,14/11/2023
dauchet5,14/11/2023
carinefrancesinha,14/11/2023
2525kurikun,14/11/2023
gracey_75.e,14/11/2023
socialseller089,14/11/2023
cobra.tate.4.0,14/11/2023
emirate388,14/11/2023
gar.nieralexandre,14/11/2023
elyssa_clauss,14/11/2023
harald_schmidt60,14/11/2023
ouellet56728,14/11/2023
juliofct,14/11/2023
drawing.art0920,14/11/2023
art_naud_photography,14/11/2023
gioacchinoadragna,14/11/2023
heronphinielpaul,14/11/2023
silvias19.7,14/11/2023
lopezmariajose8954321,14/11/2023
nuancebynancosmetics,14/11/2023
tasos_klkts,14/11/2023
med.agus,14/11/2023
radphotography_m,14/11/2023
chiara_platons81,14/11/2023
charleslucky55,14/11/2023
davidrdubose2018,14/11/2023
matteovallon,14/11/2023
laroutinefood,14/11/2023
von_kreuzberg,14/11/2023
nicolas.martinez.immo,14/11/2023
luciamastropietri,14/11/2023
studentroomsprague,14/11/2023
sidocreative,14/11/2023
orianeakl,14/11/2023
po.la.yo,14/11/2023
alejandrolopez8015,14/11/2023
adakoropecka,14/11/2023
vm.photographe,14/11/2023
khei_03,14/11/2023
kantsa9,14/11/2023
kasongo_kelly,14/11/2023
nosomeeverywhere,14/11/2023
ncar.ter9,14/11/2023
itsbennyyyyy,14/11/2023
sue.lewis.77312,14/11/2023
domfar__,14/11/2023
alma.ktoumfazza2023,14/11/2023
saboxat_1993,14/11/2023
kumar.stephen.7587,14/11/2023
bg_castaldo,14/11/2023
charliestar1016,14/11/2023
aprriicot,14/11/2023
vesnazdrnja,14/11/2023
emeraldru,14/11/2023
angeliquehardy21,14/11/2023
decembermelts,14/11/2023
rosamia_officiel,14/11/2023
deniroboeung,14/11/2023
dr_holland01,14/11/2023
sandcrain,14/11/2023
khalil_ovski,14/11/2023
dominicng0808,14/11/2023
mademoiselle.flo,14/11/2023
__.__christian__.__,14/11/2023
filippo.genovese,14/11/2023
trinad.dr.19,14/11/2023
toyotoyotombo08,14/11/2023
mohsenp3,14/11/2023
lee.robert.walker,14/11/2023
pio__palmieri,14/11/2023
viewonstreet,14/11/2023
amaliarentoumi,14/11/2023
andreventu82,14/11/2023
caacri___nulasi,14/11/2023
miese.jose,14/11/2023
minato_shinji_,14/11/2023
cememezes2001,14/11/2023
holistic_trainer_sardo,14/11/2023
faux_billetsofficiel,14/11/2023
no_one_is_foreverrrrrr,14/11/2023
lukpoo55,14/11/2023
lasha__vasadze,14/11/2023
rossetti_rosalinda,14/11/2023
nataliaparis,14/11/2023
nourdagherr,14/11/2023
darcroyal_2019,14/11/2023
sarahjoey88,14/11/2023
theking02070,14/11/2023
sibi_baisil_cheriyath,14/11/2023
toscanarouen,14/11/2023
raluca_loana,14/11/2023
davidbenitezsegarra,14/11/2023
liza_o10,14/11/2023
joyjiao.9638,14/11/2023
rhondakay_travels,14/11/2023
christelle75art,14/11/2023
lucia.colella903,14/11/2023
royoulaser,14/11/2023
sooijn_seung478,14/11/2023
patente__di__guida__39,14/11/2023
fan.maddiegray24,14/11/2023
elviejondelabarba2020,14/11/2023
karpovaolgafk,14/11/2023
franck_bourse,14/11/2023
robertmark_85,14/11/2023
mary_tourist_guide,14/11/2023
letiziamarconcini,14/11/2023
lattesnlabels,14/11/2023
luyunlong1965,14/11/2023
frenchguytheo,14/11/2023
mariaermisch,14/11/2023
robby_147_,14/11/2023
zazouuuu509,14/11/2023
engegrande,14/11/2023
pe.te1171,14/11/2023
b_guide1,14/11/2023
ivurmanov,14/11/2023
88donmr88,14/11/2023
marcorusso_79,14/11/2023
sonchic1,14/11/2023
trajegris138551955,14/11/2023
meiriphotos,14/11/2023
atelier88jaen,14/11/2023
mariaisabelolivera7,14/11/2023
mszisa,14/11/2023
songulashvilidavid,14/11/2023
lucus_travel,14/11/2023
cmenaya,14/11/2023
____artema__________,14/11/2023
lucio.missoni,14/11/2023
salehboufateh,14/11/2023
eamadori_,14/11/2023
annaraiz_,14/11/2023
sarang_jj00_,14/11/2023
emanussss,14/11/2023
loulou.l_,14/11/2023
oliver.gb44,14/11/2023
antonio.carlos.amado,14/11/2023
mari_fenoglio,14/11/2023
smith.toure.9,14/11/2023
karann6354,14/11/2023
tonivarula,14/11/2023
ludodenaro_,14/11/2023
littlestarcri,14/11/2023
irinaaloshina,14/11/2023
abok_shomal,14/11/2023
pursuit_of_places,14/11/2023
paris_in_love01,14/11/2023
pierre.cabral2,14/11/2023
aymanmostafa18oogmail.com_,14/11/2023
tareghbolada,14/11/2023
sterstravels,14/11/2023
vale_portons,14/11/2023
menard1775,14/11/2023
isabella_guzzo,14/11/2023
gabrielezanell,14/11/2023
joserocha1311,14/11/2023
sh.del.neveshte,14/11/2023
reirei2138,14/11/2023
noel_yagoto,14/11/2023
paris.socialites,14/11/2023
lb.family.photo,14/11/2023
jack_ponceenrile,14/11/2023
zenildaaalves,14/11/2023
halil_franck,14/11/2023
amyerma519,14/11/2023
oscarsilva7893,14/11/2023
mukit.214,14/11/2023
davyfrederick_64,14/11/2023
a01022439581,14/11/2023
kevinrosneck,14/11/2023
_.fabriziosandon._,14/11/2023
valesmigol,14/11/2023
batobus_paris,14/11/2023
john3_49876,14/11/2023
t_4_travels,14/11/2023
daniela.dorici,14/11/2023
fran_ckalbert1,14/11/2023
annam__92,14/11/2023
ninoskamedero,14/11/2023
nonnannaofficial,14/11/2023
aurrore41,14/11/2023
katsutodo23,14/11/2023
sylrbtldhx,14/11/2023
jeanc_laude5666,14/11/2023
solangeguerin,14/11/2023
liberoristorante,14/11/2023
revestite,14/11/2023
hotel_therese,14/11/2023
anzianog,14/11/2023
jasper53546,14/11/2023
henk15026,14/11/2023
wanderlustwithdanii,14/11/2023
stephanie.wlt,14/11/2023
shg0247,14/11/2023
hoxieorganics,14/11/2023
filg_ool,14/11/2023
mademoiselle_neti,14/11/2023
who_is_allen,14/11/2023
11carly3,14/11/2023
sundryedward,14/11/2023
fifthave12,14/11/2023
parisien_parisienne_number1,14/11/2023
successwith.sharday,14/11/2023
xx_rokho_xx__,14/11/2023
manu24_andreea,14/11/2023
mauramagi,14/11/2023
madiva.mdv,14/11/2023
ugotl_75,14/11/2023
hellenvaligia,14/11/2023
shannonmoranagram,14/11/2023
dianasalzburg,14/11/2023
jooo_mss,14/11/2023
marc.t.lerner,14/11/2023
felipin254,14/11/2023
playingwithstags,14/11/2023
cedricb03,14/11/2023
juliendrns,14/11/2023
instrong_san,14/11/2023
globe_trotter61,14/11/2023
swingsim,14/11/2023
barthi75,14/11/2023
iliana_kouroupaki,14/11/2023
maariibueno,14/11/2023
jimfunk.de,14/11/2023
bunaildiko,14/11/2023
travellus_usuk,14/11/2023
ria1381,14/11/2023
elisabarg,14/11/2023
adventure_jacm,14/11/2023
__lee_trades,14/11/2023
vitop_photography,14/11/2023
kosmetolog_seide,14/11/2023
statebenecosi_75,14/11/2023
mustlala_134,14/11/2023
julia_ebdti,14/11/2023
espaisambhistoria,14/11/2023
jamesplayz1999,14/11/2023
artinstock2019,14/11/2023
ciccioust,14/11/2023
fofana.stephanie.98,14/11/2023
ben_ammar_md,14/11/2023
mms_mallem,14/11/2023
iamagoodbeetch,14/11/2023
theboykomor,14/11/2023
carmenxita55,14/11/2023
logilo4,14/11/2023
celso_junior68,14/11/2023
pietro.ballino,14/11/2023
angybuonarroti,14/11/2023
lorianeyovo,14/11/2023
prdgmr,14/11/2023
tanyacullen_tantan,14/11/2023
itz_______me_______raj,14/11/2023
lydpro21,14/11/2023
eremenko.e_,14/11/2023
danijelkadic,14/11/2023
joelemarteau,14/11/2023
luvee.7,14/11/2023
soukei1030,14/11/2023
through_thelens4,14/11/2023
emika.gr,14/11/2023
jesthanyfletcher,14/11/2023
baby_m17775,14/11/2023
lecoucou.paris,14/11/2023
mark_randy33,14/11/2023
anna.scatena.64,14/11/2023
mashloves,14/11/2023
kerolajnbejbi,14/11/2023
juan6322k,14/11/2023
esteloupa,14/11/2023
bezenzettericardo,14/11/2023
pier.aversa,14/11/2023
fredericguy,14/11/2023
as_jane_sees,14/11/2023
haidaciuc_ligia_mihaela,14/11/2023
vidhya_exclusive,14/11/2023
hassniyaza.__anas,14/11/2023
rockem.82,14/11/2023
alberto.serio81,14/11/2023
quellodelsanmichele,14/11/2023
joo_woo3,14/11/2023
kodak1300,14/11/2023
tan_tan_paris,14/11/2023
colochon,14/11/2023
seileise,14/11/2023
mariebnnz,14/11/2023
marinacorlukaribet,14/11/2023
adrianluedke4real,14/11/2023
deci_dela,14/11/2023
marinebernier,14/11/2023
margauxbtn,14/11/2023
mariwka,14/11/2023
franck_lammens,14/11/2023
joorabchi,14/11/2023
blossomingbirds,14/11/2023
davidignaz,14/11/2023
ezgikasapoglu,14/11/2023
alain_delon_daily,14/11/2023
i.tam.i.tu,14/11/2023
livelove.paris,14/11/2023
snapshotsandasuitcase,14/11/2023
heyhegia,14/11/2023
joaquim.santos.paris,14/11/2023
parisfranceofficialeiffeltower,14/11/2023
addictedtojoyy,14/11/2023
simplyby_iza,14/11/2023
latteandmood,14/11/2023
lavinia.td,14/11/2023
desdetailsetdustyle,14/11/2023
76.smiles,14/11/2023
chiara_in_progress,14/11/2023
harrixxemmy,14/11/2023
kiararereire,14/11/2023
chiaraciribello,14/11/2023
southernyankee_lyfe,14/11/2023
vanessa_merrell99,14/11/2023
onethrak,14/11/2023
manfredigiacomo,14/11/2023
marcos.johnny.315,14/11/2023
luckyjaquez6,14/11/2023
theparisianmole,14/11/2023
catxphotoo,14/11/2023
scaglioneannaletizia,14/11/2023
exploramuss,14/11/2023
nahuelosmorales,14/11/2023
ezel.sabri35,14/11/2023
rone_onze,14/11/2023
delneveshte_yalda_,14/11/2023
tom.saptaatmaja64,15/11/2023
amandakey17,15/11/2023
valroussel1,15/11/2023
vivamosparis,15/11/2023
kalpanastores,15/11/2023
abram2.0,15/11/2023
chwast.fotografia,15/11/2023
elle.inparis,15/11/2023
faburan,15/11/2023
matteo.ori,15/11/2023
trachtenbergboy,15/11/2023
jenniferfoxweddings,15/11/2023
martiii__land,15/11/2023
miamarsh1,15/11/2023
ourplanettocherish,15/11/2023
some.place.s,15/11/2023
darlingtravelz,15/11/2023
nuelarchitects,15/11/2023
chloe.fclt,15/11/2023
visitandoparis,15/11/2023
dudeeliz,15/11/2023
marinomentoni,15/11/2023
gian__o3,15/11/2023
bax.paris.photographer,15/11/2023
teomagicool,15/11/2023
onwaytocapture,15/11/2023
alexcrpn,15/11/2023
aurelianmeirosu,15/11/2023
amjadrauf1,15/11/2023
dr.travel.vwang,15/11/2023
paolo_bennici,15/11/2023
jerdan913,15/11/2023
patricia.miron.ph,15/11/2023
rooshazeveld,15/11/2023
buxus_design_outdoor,15/11/2023
laur.ent7008,15/11/2023
peterpaul3046,15/11/2023
avenue_photographie_poesie,15/11/2023
michaelalex9146,15/11/2023
wustova,15/11/2023
groui_lle,15/11/2023
parisiangeek,15/11/2023
rai_nbow10,15/11/2023
passportdekarlita,15/11/2023
cerisedaily,15/11/2023
evynclarkgaming,15/11/2023
taru_taru_taruru,15/11/2023
ahhhparis,15/11/2023
blu_oltre_mare,15/11/2023
ebru_ozgn,15/11/2023
ssuperstar_,15/11/2023
s.b.e.c.k,15/11/2023
francescabologni,15/11/2023
paris.la.douce,15/11/2023
girlstravelsnap,15/11/2023
charluckyy,15/11/2023
martinadirosario,15/11/2023
omar_moly,15/11/2023
suleymankutlutravel,15/11/2023
luciars58,15/11/2023
una_roberta_a_parigi,15/11/2023
roncato_saverio,15/11/2023
weilfernweh,15/11/2023
alexs_347,15/11/2023
nicola_bertellotti,15/11/2023
emmanueldigiacomo,15/11/2023
paiosilva82,15/11/2023
manongaia__voyance,15/11/2023
garyphr,15/11/2023
aleksandarmiskov,15/11/2023
cdn_bucketlisttravels,15/11/2023
agartha_aps,15/11/2023
unapariginafofolle,15/11/2023
business4languageteachers,15/11/2023
marionlaurila,15/11/2023
sposestile,15/11/2023
fredericsamuel76,15/11/2023
hugo.ehrmann.bar,15/11/2023
jxmes._.ptp,15/11/2023
r_hkap202,15/11/2023
lorenzopanzeri,15/11/2023
stefano.ez,15/11/2023
norrisben20,15/11/2023
yun_chan182,15/11/2023
sir_travel9,15/11/2023
adrycastiello,15/11/2023
bernd_20.07,15/11/2023
co.versailles,15/11/2023
rob_vitali,15/11/2023
mellouldeborah,15/11/2023
michae7t68,15/11/2023
wulingzhi,15/11/2023
francese_con_laura,15/11/2023
tila.jan.142,15/11/2023
_.an0nim0wa._,15/11/2023
viajandofeliz.a,15/11/2023
theitalianz,15/11/2023
dianez_72,15/11/2023
mildiazmena,15/11/2023
duenas_omar,15/11/2023
monica_facciolo,15/11/2023
aj_photography_7,15/11/2023
divinacomedyshow,15/11/2023
stellinaliga,15/11/2023
birgit.rosenschon,15/11/2023
petit.nuageboutique,15/11/2023
axel_labourel,15/11/2023
kyu.kyuta,15/11/2023
ma.rcelino6878,15/11/2023
cie_not_me_tender,15/11/2023
ammar_al_nahhas,15/11/2023
lupelson_fulco,15/11/2023
seanlucas347,15/11/2023
framboise2016666,15/11/2023
sturialematteo,15/11/2023
luciahorrach_tarot,15/11/2023
pontaltifranci,15/11/2023
d.raluca.a,16/11/2023
romari171,16/11/2023
lucadel69,16/11/2023
valentin_sauerbrey,16/11/2023
ohomemmaisricodababiloni,16/11/2023
asmarias.agenciadeeventos,16/11/2023
robertwilson3451,16/11/2023
eljona_kodra_28,16/11/2023
lukaspaulo12345,16/11/2023
segalealessandro,16/11/2023
the_magic_of_style,16/11/2023
shena_luxmina,16/11/2023
marisolibanez34964,16/11/2023
ulisesserna62,16/11/2023
dkkekznsnsnjsn,16/11/2023
yourparisphotos,16/11/2023
alessandroalbrizzi,16/11/2023
tha_crisv,16/11/2023
syeod_,16/11/2023
danielbarin93,16/11/2023
fahem_saidi,16/11/2023
bromo_ijen_tour_transport,16/11/2023
tibisaydasilva1,16/11/2023
hossam_elkadaoui,16/11/2023
luanzinho_lp,16/11/2023
ohom.emmaisricodababilonia,16/11/2023
daranootyoo198710,16/11/2023
st3fano83,16/11/2023
tougai38,16/11/2023
sandrine_traveler,16/11/2023
despi_naka,16/11/2023
vanessashoots,16/11/2023
jesuscareorphansministries,16/11/2023
itsdarlingnikki,16/11/2023
homestay_harlem,16/11/2023
jfab.brice,16/11/2023
jamilaverruckt,16/11/2023
aroundwithcaro,16/11/2023
anistoryteller,16/11/2023
gambalonga8,16/11/2023
annamariabortolozzo,16/11/2023
mathieuhofstoetter,16/11/2023
maron.gmarong,16/11/2023
walber_cm11,16/11/2023
insidr.co,16/11/2023
_eric__d_photos_,16/11/2023
vivwhite127,16/11/2023
hiwa._saman,16/11/2023
pasmoi.pastoi,16/11/2023
lifeof_thamy,16/11/2023
_elisabettalombardi_,16/11/2023
manolis_magic_flowers_,16/11/2023
big_gucci255,16/11/2023
andreasciutoas,16/11/2023
fabio.maggiolini,16/11/2023
wataru_yuzawa,16/11/2023
crystiano70,16/11/2023
christcarmen_,16/11/2023
tofhelios,16/11/2023
sandroanetrini,16/11/2023
gekimanfred,16/11/2023
borse_bologna_encantos,16/11/2023
vri.nz1,16/11/2023
annalisa2__lavendetta,16/11/2023
giusticristian,16/11/2023
ho.ouazzani,16/11/2023
andreanovak5492,16/11/2023
dinah_and_so,16/11/2023
reginesemaan,16/11/2023
safi85fr,16/11/2023
sourismis,16/11/2023
maysyousef369,16/11/2023
darmarveryfar,16/11/2023
vawanda.paris,16/11/2023
paris4free,16/11/2023
zhakundaniana,16/11/2023
jeanbaptiste_soulliat,16/11/2023
dadou_7998,16/11/2023
theo_medvedev,16/11/2023
santi__0705,16/11/2023
italiansinparis,16/11/2023
ricosexaril,16/11/2023
larouxmanuel,16/11/2023
albisan88ju,16/11/2023
benjaminkwanphoto,16/11/2023
awitade509,16/11/2023
ramonjimenez1322,16/11/2023
_xavdx_10,16/11/2023
ilcinfiliz,16/11/2023
bugattiglobe,16/11/2023
peppescavello,16/11/2023
mario.pakozdi,16/11/2023
massic,16/11/2023
isisduranm,16/11/2023
hager_mohamed_1233,16/11/2023
chef_tommaso_cristian,16/11/2023
marlilermen,16/11/2023
lizz.toma,16/11/2023
muzammilshahzada24,16/11/2023
davidalejandrobalbuenagarcia,16/11/2023
davidroux90,16/11/2023
zhordmn,16/11/2023
tapu.maria.1,16/11/2023
jordy_afana,16/11/2023
hodamostafapaintings,16/11/2023
sophie_sofay,16/11/2023
st_acy4349,16/11/2023
washingtonmarques499,16/11/2023
j4dwin,16/11/2023
mathieu_a85,16/11/2023
adriansalix,16/11/2023
elinorcharlotte,16/11/2023
anna.aff,16/11/2023
nolwennlmgn,16/11/2023
traveledbytrain,16/11/2023
tubiananicole,16/11/2023
yuliia_photo_paris,16/11/2023
alexita272010,16/11/2023
a_lili_29,16/11/2023
scatto31,16/11/2023
ibra__piomb,16/11/2023
journey_ireland,16/11/2023
izazu_fotografie,16/11/2023
d.grade,16/11/2023
andrea_bartolomei_ph,16/11/2023
jwacastro,16/11/2023
emelieolson,16/11/2023
ip___production,16/11/2023
timothychankc_mzn,16/11/2023
alexandradts,16/11/2023
estelleholland16,16/11/2023
bmag_75,16/11/2023
emmekappaemme,16/11/2023
kleinemoorhexe,16/11/2023
francetravelers,16/11/2023
ladyjoe_,16/11/2023
mixail_kosmoudis,16/11/2023
jusper53,16/11/2023
lt_bema00,16/11/2023
artladymartinealison,16/11/2023
dranto_o,16/11/2023
cla_u_di_o_,16/11/2023
doczeppelin2021,16/11/2023
agnesepenniello,16/11/2023
mariabranwell,16/11/2023
stefy.lr,16/11/2023
ya_______i,16/11/2023
takako_nakachi,16/11/2023
hugocarvalhodeoliveira7,16/11/2023
manutravelmc,16/11/2023
joannemillar27,17/11/2023
hjjiihjkkjjju,17/11/2023
eziod_elellis,17/11/2023
thierrypierre,17/11/2023
wellheykel,17/11/2023
laitale86,17/11/2023
ma.nsilla8,17/11/2023
famesame0,17/11/2023
renee.oliveros,18/11/2023
traceyhoxie_,18/11/2023
viguini.claudia,18/11/2023
lordofthetravellersss,18/11/2023
yaz.guerrero26,18/11/2023
_montasar_bedoui_,18/11/2023
adir1831,18/11/2023
marclandri,18/11/2023
doraspons26,18/11/2023
taah_valerio,18/11/2023
juliejulia506,18/11/2023
shanaq10gg,18/11/2023
martinamammatris,19/11/2023
travel_n_progress,19/11/2023
mnrvitynho_,19/11/2023
ppair,19/11/2023
n2r_outdoor_,19/11/2023
inseinelyparis,19/11/2023
a_ontheroad,19/11/2023
wonderfulitaly_,19/11/2023
deniselascala_,19/11/2023
fatema_vibes,19/11/2023
paris__beijing,19/11/2023
s0r489,19/11/2023
thenotebook_yalda_,19/11/2023
to_be.elle,19/11/2023
yoann.salvatore,19/11/2023
croatia_dreaming,19/11/2023
tiziana_1954,19/11/2023
sandesh4592,19/11/2023
_saracec,19/11/2023
fabrianyramos,19/11/2023
president_frk_87,19/11/2023
paumanzitti,19/11/2023
mimi_topaz,19/11/2023
lindaslondonblog,19/11/2023
beli.montes,19/11/2023
peruexplorex,19/11/2023
marekrze85,19/11/2023
apollinethibault,19/11/2023
silvia_andreosso,19/11/2023
violumberto,19/11/2023
rosy__gilio,19/11/2023
gianni.balzaretti.1,19/11/2023
jammieoz,19/11/2023
punnamm26,19/11/2023
cinzia_bergantin_,19/11/2023
pellegrinuzzi,19/11/2023
iamnunzia,19/11/2023
loyalty07060,19/11/2023
womens_supporters_loop,19/11/2023
kikka_fronti,19/11/2023
donatoabascia,19/11/2023
renee_arnoo,19/11/2023
lvrssinlll,19/11/2023
kirschen20,19/11/2023
barchaloni90,19/11/2023
ramon_trrt,19/11/2023
disumore_,19/11/2023
jerocgarzon,19/11/2023
cash_dna_real,19/11/2023
angiecharra,19/11/2023
dailygraphyy,19/11/2023
abritsadventurein,19/11/2023
piero51,19/11/2023
sevfbe,19/11/2023
jlenn415,19/11/2023
camille.paloma,19/11/2023
martinenglishtutor,19/11/2023
amalficoast.visit,19/11/2023
jeannnebdn,19/11/2023
steve_anderson_002,19/11/2023
ted_gram,19/11/2023
mavi_sampierdarena,19/11/2023
connybeat,19/11/2023
jannahod,19/11/2023
paolo_bade,19/11/2023
padoan_realtastesofitaly,19/11/2023
giuseppenoya,19/11/2023
pampa.villereal,19/11/2023
bodyhit_montorgueil,19/11/2023
chris_._alex,19/11/2023
klkenyon8395,19/11/2023
jejejejewe,19/11/2023
rosario.vitale.18,19/11/2023
lina_10rc,19/11/2023
pippo_le_parisien,19/11/2023
elisalevallois,19/11/2023
doors_od,19/11/2023
nicoleta3208,19/11/2023
creaton.pa,19/11/2023
j.fotos77,19/11/2023
japan_miyachi,19/11/2023
pixdar,19/11/2023
roccdoc,19/11/2023
sarahungiornoinpiu,19/11/2023
cecilouphoto,19/11/2023
staceyober,19/11/2023
denis.medic8,19/11/2023
tricityupdates,19/11/2023
lartenonmetterladaparte,19/11/2023
alfrosk,19/11/2023
mariagrace_42,19/11/2023
qkek19889898,19/11/2023
khazri.fred,19/11/2023
hotelparislouvreopera,19/11/2023
andresamayapro,19/11/2023
lopez.franck6,19/11/2023
alex_nave95,19/11/2023
albertwatsonphotography,19/11/2023
whatshewearsnow,19/11/2023
massimo.antonacci.92,19/11/2023
feednview,19/11/2023
parisboatclub,19/11/2023
miroku_public,19/11/2023
parisphotogram,19/11/2023
luigiprestieri,19/11/2023
linternationalmara,19/11/2023
angelomura3005,19/11/2023
mckeepatty,19/11/2023
yangtzzu,20/11/2023
pamelakostadinova,20/11/2023
mariannamazzetto,20/11/2023
luxonaturalparis,20/11/2023
elsa_dl22,20/11/2023
oviversai,20/11/2023
dovile.czul,20/11/2023
yourtourinparis,20/11/2023
parisfromoureyes,20/11/2023
lorenalicata13,20/11/2023
emre.m.e,20/11/2023
m.aryye,20/11/2023
bac_student2023,20/11/2023
eslamcostao333,20/11/2023
ricardosilva1016,20/11/2023
faridkurn,20/11/2023
panozzi_parigi,20/11/2023
blondeamericaine,20/11/2023
nenykadapi,20/11/2023
joe_jonas1999,20/11/2023
official_shaikh_arbaz,20/11/2023
carlabianchicarla,20/11/2023
sydbdlhsyn68,20/11/2023
romain_doucet1,20/11/2023
maryam_vosughifar,20/11/2023
wisnuoki,20/11/2023
cecily_1883,20/11/2023
riccoelena77,20/11/2023
angel__gracida,20/11/2023
xenakarima,20/11/2023
clodillelop,20/11/2023
olgakostkova,20/11/2023
philippeberbesson.architecte,20/11/2023
kelly_harbin1,20/11/2023
w.az.az56,20/11/2023
lizzykayler_22,20/11/2023
aleksandraaleksicalex,20/11/2023
ay__ke,20/11/2023
italian_909,20/11/2023
lamodalafaitu,20/11/2023
ncxjgcihc,20/11/2023
e5ldl,20/11/2023
pksim2,20/11/2023
rozinamar9,20/11/2023
duvaldarnard,20/11/2023
lvrsdinllll,20/11/2023
my_discover.paris,20/11/2023
lapoem.fancafe_lamigos,20/11/2023
escapades.parisiennes,20/11/2023
amantaeva9.7,20/11/2023
anrobinson1969,20/11/2023
sissipolerina,20/11/2023
nancyveronicamv,20/11/2023
holistichealthcoachforlife,20/11/2023
marty.do,20/11/2023
leroi_bongo,20/11/2023
paolodallapria,20/11/2023
jerrybren12345,20/11/2023
jeremy.nore,20/11/2023
philipe2485,20/11/2023
framesofmaarit,20/11/2023
varshini_1601,20/11/2023
fik.film,20/11/2023
viaggiadminkiam,20/11/2023
magic_desert_tours,20/11/2023
secucinoio,20/11/2023
aspurcagokalp,20/11/2023
valeriamambrini,20/11/2023
annasquitier,20/11/2023
hellomamma_fr,20/11/2023
luschg,20/11/2023
david.lmr11,20/11/2023
barchasweet7,20/11/2023
freddy_donati,20/11/2023
amo_ureusedeslivres,20/11/2023
edyta.serafin73,20/11/2023
thirdcause,20/11/2023
mouhanadnebrahim,20/11/2023
monsefdjemali,20/11/2023
jannyyy.bae,20/11/2023
yuliat08,20/11/2023
yasmingouveia_atelier,20/11/2023
giri72727,20/11/2023
parisconanna,20/11/2023
ksenia_skaya,20/11/2023
conciergeriedavval,20/11/2023
robbisondav,20/11/2023
luzhmolano,20/11/2023
francois_le_corre,20/11/2023
oskmartin_lauscott,20/11/2023
_lisa10___,20/11/2023
nicholasville1990gmail.com4,20/11/2023
askamour_s,20/11/2023
chelseac.wellness,20/11/2023
drissoualhaj,20/11/2023
chri.s9253,20/11/2023
fraeulein_dinkelherz,20/11/2023
maria._.ferrer,20/11/2023
mouton317,20/11/2023
bhaa_ibrahim,20/11/2023
mhmdlhsyn1724,20/11/2023
wpbgolfer,20/11/2023
baheed7269,20/11/2023
budiwijaya1980,20/11/2023
blancarosssi,20/11/2023
sdeekay1,20/11/2023
roblechelt,20/11/2023
larosesyntyche,20/11/2023
nameless5884,20/11/2023
yescard_franc,20/11/2023
indilabutterfly,20/11/2023
etienneebah,20/11/2023
alexandraalagna,20/11/2023
__deniz_yc,20/11/2023
mairilys.m,20/11/2023
kevin9556hernandez,20/11/2023
orlean665,20/11/2023
qqysee,20/11/2023
_titti94_,20/11/2023
new_york_city_by_s,20/11/2023
rbatrice,21/11/2023
rachellelee39,21/11/2023
liferoad.t,21/11/2023
many_kohar3949,21/11/2023
ananda_s_xavier5,21/11/2023
lala.ji4738,21/11/2023
jorgeluissanchez53,21/11/2023
lvrsdiuijjhttjjioo,21/11/2023
nanii.93,21/11/2023
pradeep.kayy,21/11/2023
dr.auraparan,21/11/2023
pixlpushr_joachim,21/11/2023
arz24_,21/11/2023
belly_eva_45,21/11/2023
rock_ey3969,21/11/2023
alyamamahsyria,21/11/2023
rohit.rana.0000,21/11/2023
dylanf8888,21/11/2023
nw_4969,21/11/2023
run_a_way_mama,22/11/2023
cherif_mm,22/11/2023
iamjackchen,22/11/2023
paparazzicoreen,22/11/2023
deisy.paola_rieros.58,22/11/2023
anktoursns,22/11/2023
im_abmaster,22/11/2023
erine_g__,22/11/2023
alicia_in_paris,22/11/2023
qil_laputri1,22/11/2023
medium.2323,22/11/2023
faridnavvabi,22/11/2023
sam4704smith,22/11/2023
sevdepaname,22/11/2023
kempot_tt,22/11/2023
fatimahotmail4,22/11/2023
konsta.ntina.35,22/11/2023
m.ouachour,22/11/2023
za_10c,22/11/2023
tig.ranarmani,22/11/2023
jamie_james99,22/11/2023
habib_al_arabi,22/11/2023
postcardsbyhannah,22/11/2023
lkjvku467,22/11/2023
manoediting_official,22/11/2023
yoannbelan,22/11/2023
flaner.pl,22/11/2023
joshuaoliveir123,22/11/2023
une_maison_une_celebrite,22/11/2023
soniaazucenamontiel,22/11/2023
chandrshekhar1279,22/11/2023
kh_maeva,22/11/2023
_shivaji_maharaj_333,22/11/2023
n2mua,22/11/2023
ale.ks9480,22/11/2023
mariadenazarethbrito,22/11/2023
__la_squale_,22/11/2023
histoiredunairbnb,22/11/2023
jasmin.dangelo,22/11/2023
idacempaka,22/11/2023
paris.blueflower,22/11/2023
roberta.fotosvideo,22/11/2023
parisian_houzz,22/11/2023
patt_limastian,22/11/2023
elfeky4929,22/11/2023
hsuan.lin82,22/11/2023
lepinelinda,22/11/2023
whyf.ilms,22/11/2023
luxpuer_,22/11/2023
ballondeparisgenerali,22/11/2023
sohmingde,22/11/2023
fashioninmysoul,22/11/2023
mhamad_ali_2_,22/11/2023
mcsilvie_e,22/11/2023
theculinarycullen,22/11/2023
branphotos113,22/11/2023
steve_ashtin,22/11/2023
trisha_50,22/11/2023
coolchicstyle,22/11/2023
marco_calo02,22/11/2023
safetravelsglobalgroup,22/11/2023
gumi527,22/11/2023
sns_mehandi_art,22/11/2023
mimz_loving,22/11/2023
cafehaus_kleimann_bonn,22/11/2023
beatricecaratelli___,22/11/2023
zugajka_jest_fajna,22/11/2023
yoko.iinuma,22/11/2023
dubailife_99,22/11/2023
imran.yasemin,22/11/2023
gulfstream08,22/11/2023
umarakram165,22/11/2023
palmela.rivon,22/11/2023
bartarxhoek,22/11/2023
objets2main,22/11/2023
chiyosakamoto234,22/11/2023
mmoor0,22/11/2023
garib____sarkar____007,22/11/2023
dark.22121,22/11/2023
darcyabdualoyewole14,22/11/2023
ben9887ben,22/11/2023
emilli8923,22/11/2023
byb_emprendimientos_,22/11/2023
sanchalamanthan4,22/11/2023
jba03564,22/11/2023
mr_yadav_ji_neeraj,22/11/2023
maria_scintu,22/11/2023
bernadette_lenormand,22/11/2023
hola_delicious_meals,22/11/2023
petrudorujidveian,22/11/2023
official_guriheer,22/11/2023
dennis_dinno_fluttershy,22/11/2023
gurey_pio1,22/11/2023
i_you_7208,22/11/2023
ni.kka5867,22/11/2023
kimberleydhaenens,22/11/2023
macfut.official,22/11/2023
sztuka.w.przestrzeni,22/11/2023
galp28f,22/11/2023
anuyar.sk.503,22/11/2023
maxreminisce,22/11/2023
prabhu._ones,22/11/2023
larts_du_nettoyage,22/11/2023
kamkam093093,22/11/2023
mayermaayan,22/11/2023
rhonda_claxton,22/11/2023
queen.kimberlymichelledumas,22/11/2023
la_voie_infinie,22/11/2023
jallengawi,22/11/2023
ne_lli1968,22/11/2023
mandscommercials,22/11/2023
eelizabeth_barra,22/11/2023
purohi_shlok,22/11/2023
sercan_ph,22/11/2023
ninfasland,22/11/2023
crazyaboutphones,22/11/2023
elmnokane2021,22/11/2023
heav.en0905,22/11/2023
_chiamamiari,22/11/2023
jaredchang1001,22/11/2023
francois_duroc,22/11/2023
_rahul_vsnv_1759,22/11/2023
fratelo________sofian,22/11/2023
furiaintegrale2.0,22/11/2023
armando_inviaggio,22/11/2023
mjkp.oiuy,22/11/2023
aurelio_pellizzotti.travel,22/11/2023
mahtab_violet_,22/11/2023
pypi23,22/11/2023
mina.sayyahgilani,22/11/2023
phtony_pisani,22/11/2023
casio.20202014,22/11/2023
kpopk696,22/11/2023
rebeccawright8670,22/11/2023
be_in__paris,22/11/2023
desireebelmont,22/11/2023
eatnlivewell_traveloften,22/11/2023
mikenekounitea,22/11/2023
phelwan.rocky,22/11/2023
sabinehs_11,22/11/2023
janarochamidiasdigitais,22/11/2023
the_birds_dont_sing_here_,22/11/2023
arie_wz,22/11/2023
donna_finn,22/11/2023
fourstar775,22/11/2023
mukhlis9063,22/11/2023
aarzoo_mallik,22/11/2023
andreeaastefani,22/11/2023
marcianunesda27,22/11/2023
polatmehmetcikcan,22/11/2023
absolute_london143,22/11/2023
poka3308,22/11/2023
forza.italia.a,22/11/2023
asif_1998_,22/11/2023
palmaandreoni,22/11/2023
peterohanlon2,22/11/2023
dania.perea.7,22/11/2023
lisbethertesvag,22/11/2023
iamdianash89,22/11/2023
mayumiaaaaa,22/11/2023
clay.13,22/11/2023
flowerland_paris,22/11/2023
bioty.ancestrale,22/11/2023
onasbeth,22/11/2023
nfz_nabil,22/11/2023
datootad.ve,22/11/2023
guadado_chefcook,22/11/2023
pizzarossi,22/11/2023
bobovale,22/11/2023
juliet_victoria_brown_fx,22/11/2023
mohamed_elkss94,22/11/2023
laras_place_unawatuna,22/11/2023
farhat_zizo,22/11/2023
snoopy_travelertheworld,22/11/2023
pelin.amina.vurim55,22/11/2023
garodave,22/11/2023
inthemoodforsunshineme,22/11/2023
myparisroutine,22/11/2023
lijungyin,22/11/2023
antonyuk_reportage,22/11/2023
d__lvangelo30__,22/11/2023
er_emrah04,22/11/2023
photo_graphystudent2021,22/11/2023
nicoleantonio20,22/11/2023
marffco,22/11/2023
hagar_johan_lolos_,22/11/2023
u_fraulino_resto,22/11/2023
c_________o_________l,22/11/2023
hunterboy546,22/11/2023
arthurcomedieparis,22/11/2023
laugh_creativejourney,22/11/2023
larryjavon_,22/11/2023
kadnivid,22/11/2023
hitmanslade1,22/11/2023
madame.roberta,22/11/2023
titi.leparisien,22/11/2023
evelyneb0328,22/11/2023
valentinroussel11,22/11/2023
gujjar.5628,23/11/2023
d3087,23/11/2023
paris.my_chapelle,23/11/2023
camilaferreira_adv2,23/11/2023
jasmine.boz,23/11/2023
swiat_za_pan_brat,23/11/2023
almamun.hemel,23/11/2023
xffkv.gxd,23/11/2023
gaithop86,23/11/2023
patrick_lombardo_,23/11/2023
jackanddaveworldtour,23/11/2023
vgj_yatzy,23/11/2023
_wanderlustideas,23/11/2023
sheikhaamir5589,23/11/2023
israe_essalih,23/11/2023
ann_by_piter,23/11/2023
rkv.shinsj,23/11/2023
ruset_df,23/11/2023
georginalia_rena,23/11/2023
maryamelallali22,23/11/2023
primiskim,23/11/2023
xxde.va95,23/11/2023
samanthamaksoud,23/11/2023
arfaawahab,23/11/2023
tasfiya5383,23/11/2023
peste.zomorod,23/11/2023
deogratiuslewi2,23/11/2023
francetour5,23/11/2023
steveberg.official,23/11/2023
amber_m_weaver,23/11/2023
nicole_oberaa,23/11/2023
btw.im.libra,23/11/2023
michelle_rogel_v,23/11/2023
kyayaarswayam,23/11/2023
robinmayorkas,23/11/2023
brothernirvana,23/11/2023
mirshod_kambarov,23/11/2023
on_ly_allah_7,23/11/2023
chocolatechipmuffin,23/11/2023
lilykay767,23/11/2023
youan5290,23/11/2023
xuv7463,23/11/2023
bebejua__,23/11/2023
moumen.shlaly20,23/11/2023
originalrr34,23/11/2023
tvph_art,23/11/2023
ronaldocristiano167,23/11/2023
lareinamich,23/11/2023
laparisiennestar,23/11/2023
mr_xx_4533,23/11/2023
hmrm_7274,23/11/2023
ranj_ana982,23/11/2023
georges_bataille,23/11/2023
wext_construction,23/11/2023
valentinaditrani,23/11/2023
mdd_designer,23/11/2023
cmackay704,23/11/2023
lux.medy,23/11/2023
sohail_khan03179942870,23/11/2023
ivofranklin,23/11/2023
dario_latrofa,23/11/2023
mirko_spada_,23/11/2023
pmazzone,23/11/2023
eliseocasella,23/11/2023
bilel.rahyem,23/11/2023
faysal_ofisyal,23/11/2023
ad_artindigital,23/11/2023
pakinvi,23/11/2023
ramzi.est.3,23/11/2023
tizianoscola,23/11/2023
lukeparkar,23/11/2023
aminelamine74,23/11/2023
arnaud_vaneau_marais,23/11/2023
sophiesourit,23/11/2023
william_s0066,23/11/2023
armelle_sg,23/11/2023
marionllnoiram,23/11/2023
kajadiman,23/11/2023
_aneta__b,23/11/2023
carolineplsk,23/11/2023
the_hedgehog_in_the_fog,23/11/2023
melani__mujica,23/11/2023
cristinacasanovav,23/11/2023
eaten_archive,23/11/2023
deep.in.tech,23/11/2023
truda712,23/11/2023
bele.mua,23/11/2023
minvbea,23/11/2023
teguhjoy1234,23/11/2023
mnb5551777,23/11/2023
brahimali119,23/11/2023
parisiennealitalienne,23/11/2023
tmy12122022,23/11/2023
croireaumerveilleux,23/11/2023
sodduvincenzo,23/11/2023
leo.evay,23/11/2023
eusepidiego,23/11/2023
khobzaouimourad,23/11/2023
brance_khaled,23/11/2023
why_dslh,24/11/2023
sandraramalhonogueira,24/11/2023
kweemxxd,24/11/2023
noircityexplorer,24/11/2023
omar.wac.1937,24/11/2023
jociofficial8,24/11/2023
ffahd37,24/11/2023
jlcamposm,24/11/2023
piccola.stella.senza.cielo.90,24/11/2023
raffaele.pascarella.988,24/11/2023
dr.merahhiba_nutritionniste,24/11/2023
yamazaki.hirofumi.9,24/11/2023
yukisiro0315,24/11/2023
meenaraj77,24/11/2023
lemilleeunanotte_ristorante,24/11/2023
paris.fragments,24/11/2023
deha,24/11/2023
melissa_forex_0,24/11/2023
ingrid.engelvoelkers,24/11/2023
ronaldogomesw,24/11/2023
thefrenchfleurdenver,24/11/2023
giovannafumarola,24/11/2023
shoh12_09_98,24/11/2023
josserandconan_expert,24/11/2023
manueldiazfernandez,24/11/2023
enricofenoglietto,24/11/2023
jobin.mariehelene,24/11/2023
netchaev.lifestyle,24/11/2023
david_benjamin2345,24/11/2023
ganaamin60,24/11/2023
paola.grimaldi,24/11/2023
jonathan_gravesfx,24/11/2023
travelholic_amore,24/11/2023
yessi_mar11,24/11/2023
a_bouhouch,24/11/2023
verajewelry8st,24/11/2023
coach05vladimir,24/11/2023
tulsi_rout12345,24/11/2023
josea.cabo,24/11/2023
jakubad407,24/11/2023
tomasalonsocarrasco,24/11/2023
le_cils_paris,24/11/2023
sophiejacqueline50,24/11/2023
ddubu_sj,24/11/2023
g2xiil,24/11/2023
leenirham,24/11/2023
jafar_jan._1374,24/11/2023
viajarahorrandoarg,24/11/2023
bordeaux.en.photos,26/11/2023
agentissimo_paris,26/11/2023
parisbeingpretty,26/11/2023
levitragram_art,26/11/2023
sinja_so,26/11/2023
virginiaolmedovera,26/11/2023
aracelesbiscaia,26/11/2023
ajourneyinparis_paristabitours,26/11/2023
motel_pillows,26/11/2023
toyou_8377,26/11/2023
divarhay_yakhi_hassanvalikhani,26/11/2023
inpugliaservice,26/11/2023
endless.creas,26/11/2023
scottadelson,26/11/2023
zaki.mohammadi2018,26/11/2023
pavlo.pavlos.94,26/11/2023
ogbrown50,26/11/2023
doctor_mikhailmik,26/11/2023
ellizabethh,26/11/2023
louis_tko27,26/11/2023
888host,26/11/2023
patriciabarnack,26/11/2023
generoso_paris,26/11/2023
_tenha___canavar_,26/11/2023
with_myeyes,26/11/2023
nine_gaut,26/11/2023
xlsecrets,26/11/2023
ristorante_donnasofia_sorrento,26/11/2023
lamour6747,26/11/2023
amandinebru__,26/11/2023
naturale_paris,26/11/2023
takeyourliberty,26/11/2023
barb_drt,26/11/2023
giraldojhoan_16,26/11/2023
enbocasumiller,26/11/2023
oneandonly66,26/11/2023
_elisabettabianchini_,26/11/2023
pala.mia,26/11/2023
davidroger4755,26/11/2023
financement805,26/11/2023
ta_mara2442,26/11/2023
traveloutlet_company,26/11/2023
berguche,26/11/2023
bina92k,26/11/2023
freddypinedac,26/11/2023
bittwboy,26/11/2023
marcellopellegrino64,26/11/2023
emiliedelrey,26/11/2023
gsxr_51,26/11/2023
bouzazi.karim.92,26/11/2023
rashardblessed,26/11/2023
elvissa_fotografia,26/11/2023
phauana_qhispikay,26/11/2023
cpc_photos,26/11/2023
novakovic.olivera,26/11/2023
stefano_ste_11,26/11/2023
seamk2702,26/11/2023
painter.karine.langevin.kjl,26/11/2023
abo.shakra_art,26/11/2023
lelecavani,26/11/2023
morachazaro,26/11/2023
giuseppefierotti,26/11/2023
ouni273,26/11/2023
luigi_brescacin,26/11/2023
jr1855672,26/11/2023
visitparisregion,26/11/2023
ruiwrti,26/11/2023
tommy_bau21,26/11/2023
mohamed.amr19,26/11/2023
umbrella.vallet,26/11/2023
06.03186778,26/11/2023
villalidiaristorante,26/11/2023
_nanyvieira__,26/11/2023
bymebuenosaires,26/11/2023
anagabrielacruzespinosam,26/11/2023
nourloua,26/11/2023
luay.ali.31521,26/11/2023
gianluca_aronni,26/11/2023
catherinegallais1,26/11/2023
alessiosii,26/11/2023
faysaliin,26/11/2023
rasitsalar,26/11/2023
o_________f_________i,26/11/2023
joaofabio.siqueirasantos,26/11/2023
emily.wellness,26/11/2023
drias_david,26/11/2023
mundogarridof,26/11/2023
j.durand_photographie,26/11/2023
heleneskornik,26/11/2023
highs731,26/11/2023
staudihari,26/11/2023
bestgermanyplacez,26/11/2023
ale_esposito111,26/11/2023
littlemisssunshine_inparis,26/11/2023
jadore.photo,26/11/2023
benazelart1999,26/11/2023
jamilegezatextensions,26/11/2023
joe_lkouadio,26/11/2023
grace_j__07,26/11/2023
patzer_photography,26/11/2023
d0tty188,26/11/2023
visitcapodimonte,26/11/2023
noctagon777,26/11/2023
le.ali.di.carta,26/11/2023
ray.with.wanderlust,26/11/2023
maroo.ki,26/11/2023
recensioni_amazon5,26/11/2023
shamrock_74,26/11/2023
gia_bel,26/11/2023
alanrefaki,26/11/2023
kero.beauty__,26/11/2023
ricramos_rr,26/11/2023
fanisaalina,26/11/2023
daniellemontage,26/11/2023
dante_al07,26/11/2023
masashi_japon,26/11/2023
fer.ramirez1,26/11/2023
1panin.alexandr.87,26/11/2023
sud_sudest,26/11/2023
lohan_munhoz,26/11/2023
brak_trotter,26/11/2023
soufyane_guerouj,26/11/2023
nikki.aromando,26/11/2023
ah_78hassan,26/11/2023
somososa90,26/11/2023
nazi.r1287,26/11/2023
minaev1885,26/11/2023
lolapetitprince,26/11/2023
trongphu.me,26/11/2023
dvgc21,26/11/2023
helenemrr,26/11/2023
jensolejensen1980,27/11/2023
maxromoc,27/11/2023
7footroofer,27/11/2023
saidmoon8,27/11/2023
par.is391,27/11/2023
imtiaz9126068,27/11/2023
varela201,27/11/2023
_____romeo_._,27/11/2023
sakisumon,27/11/2023
karenmoran1101,27/11/2023
abobakermanee,27/11/2023
villasvacances.bzh,27/11/2023
arjun8378,27/11/2023
soniaa_free,27/11/2023
06.568906132,27/11/2023
makiron211,27/11/2023
ubnjjznn_jin,27/11/2023
k_sarikonda,27/11/2023
dharmeshkumawat91,27/11/2023
dowkjwjxjxjdkjsjzjzz,27/11/2023
sheltom_hairstylist,27/11/2023
brightcolor1502,27/11/2023
dr.ezzelddin__a.tawfeeq,27/11/2023
tarte.framboise,27/11/2023
melkaizer,27/11/2023
ourybah_bt,27/11/2023
malachovski_nando1030,30/11/2023
koraliamichael,30/11/2023
lvrssinlllll,30/11/2023
jociszito11,30/11/2023
angela.barra.art,01/12/2023
jvaidehi44,04/12/2023
danithi29,04/12/2023
hicham_almou,04/12/2023
fkkdkdjdjdjdjdj,04/12/2023
world_travelers_blog,05/12/2023
khalfalli.gabsi,05/12/2023
pierpasserino,05/12/2023
bogorydzyki,05/12/2023
robertaprodutora.video,05/12/2023
raskogonda,05/12/2023
bilharescarrinho1962,05/12/2023
yafitd4u,05/12/2023
miladkhazaei39,05/12/2023
ciel.antiquites,05/12/2023
youssefalavi,05/12/2023
police_security021,05/12/2023
vassiliskatsis,05/12/2023
usdjpy_forexea,05/12/2023
shutarei,05/12/2023
abdouliesowe61,05/12/2023
lucy_flower_ejmiatsin,05/12/2023
nandoboccetti,05/12/2023
a_ndresochoa,05/12/2023
kellygvrts,05/12/2023
cla_ra_bz,05/12/2023
theglitchlove,05/12/2023
linaevans707,05/12/2023
ewa.gora8,05/12/2023
giosafat_93,05/12/2023
documenting_fashion,05/12/2023
ashley__michon,05/12/2023
nenasucre,05/12/2023
marthom13,05/12/2023
artfreddy,05/12/2023
manualization,05/12/2023
sikhumbuzomkhize3gmail.com_,05/12/2023
aboyoussef9814,05/12/2023
prouvostdani,05/12/2023
jozeflatusek,05/12/2023
hb5807033,05/12/2023
pescador_de_almas38,05/12/2023
veronicayz3,05/12/2023
timetotrip_eu,05/12/2023
kaktuspolski.camel,05/12/2023
travel_cie_,05/12/2023
tudoporviagems,05/12/2023
hamdi1902,05/12/2023
boumirbrahim,05/12/2023
azadesquire,05/12/2023
organoon2023,05/12/2023
schduggi,05/12/2023
cesty.do.neznama,05/12/2023
delfinas2005,05/12/2023
khalilhamzi010723,05/12/2023
florettenacer,05/12/2023
mariamorenonacarino,05/12/2023
dorefal62,05/12/2023
aia_travels,05/12/2023
klebervespo,05/12/2023
bricks_star_shav,05/12/2023
where2_next_,05/12/2023
tonecole.fr,05/12/2023
traveltips_trends.de,05/12/2023
omarbrahim71,05/12/2023
disenotextil868,05/12/2023
eschrich13,05/12/2023
andreacar2302,05/12/2023
tajdinechafik,05/12/2023
38.195249,05/12/2023
giusy29934,05/12/2023
retailerrewards,05/12/2023
lalauniquemiracle,05/12/2023
leticia123gloria,05/12/2023
leparisdetati,05/12/2023
rebiz_jr,05/12/2023
mabi_diaz08,05/12/2023
metypasa,05/12/2023
amanda_sand,05/12/2023
imoveisrj_immobile,05/12/2023
femarchese81,05/12/2023
teddy_w_jarvis,05/12/2023
arif42854,05/12/2023
monicazambranoh,05/12/2023
_tamim7,05/12/2023
dr_elie_benharoun,05/12/2023
nblunb,05/12/2023
qwerhxdhhd,05/12/2023
desmondchetty,05/12/2023
fabianavitulli,05/12/2023
sultan_e_alharthi,05/12/2023
antoine_never,05/12/2023
pironesilvia,05/12/2023
nsreen9394,05/12/2023
spiritwatche,05/12/2023
kendradenii,05/12/2023
adelmir1986,05/12/2023
megae11ven2.0,05/12/2023
saliceil,05/12/2023
tlyh4591,05/12/2023
matthewhollowaysings,05/12/2023
ladhari62,05/12/2023
salkazanovdaniil,05/12/2023
paris_street_metro_,07/12/2023
tanghudunzi,07/12/2023
yong.axel,07/12/2023
esi.t.206esi,07/12/2023
lagalvaninafrance,07/12/2023
khankaewrungdit,07/12/2023
sibillainviaggio,07/12/2023
petra_salento,07/12/2023
zeyneptopchu,07/12/2023
restaurant_davincy,07/12/2023
mass.imo511,07/12/2023
juanigica69,07/12/2023
carloformuso,07/12/2023
masoud.rahmani.9843,07/12/2023
rosanalovesparis,07/12/2023
agbatowelo,07/12/2023
sergiomargoleo,07/12/2023
lovoglioanchio,07/12/2023
caffetraiano1988,07/12/2023
calabriago_casevacanza,07/12/2023
roamingwitholga,07/12/2023
avacarolyn,07/12/2023
slybethune,07/12/2023
carlos_alexafans,07/12/2023
hornettino,07/12/2023
mouhamedkouka,07/12/2023
danabelinski1,07/12/2023
mo____lr,07/12/2023
luanabelmondo.officiel,07/12/2023
kkhotelcayre,07/12/2023
jsleensta,07/12/2023
pedrodelpinosanchez,07/12/2023
babuchak_jethiyaa__,07/12/2023
bocparis,07/12/2023
jjbludo,07/12/2023
nukarine_business_revolution,07/12/2023
dogmomwithoutlimits,07/12/2023
xelos35227,07/12/2023
manolaastolfi,07/12/2023
cardinalconcerts,07/12/2023
dzan_of_the_drakon,07/12/2023
cintia.cata,07/12/2023
g.joyce.realtor,07/12/2023
madanisemsar,07/12/2023
crazylio78,07/12/2023
feld_daniel,07/12/2023
markioe71,07/12/2023
banksrupt,07/12/2023
drvickig,07/12/2023
masa_japanguide,07/12/2023
sweetpassion,07/12/2023
timothy.chesney,07/12/2023
girandola_bp,07/12/2023
tybie.rose,07/12/2023
lamirand.associes.9e,07/12/2023
cakes_by_petula,07/12/2023
jkellerstein,07/12/2023
debarora,07/12/2023
beau_benjasiri,08/12/2023
macaronsandmayhemblog,08/12/2023
parisyachtmarina,08/12/2023
hannah.legrande,08/12/2023
ardatunca71,08/12/2023
iamhernanrodriguez,08/12/2023
stelzer_dieter,08/12/2023
maripapari,08/12/2023
wioletaap,08/12/2023
mysimplepleasures93,08/12/2023
rashmiranjansingh1985,08/12/2023
souleyman_mokhtar_u_tamsir,08/12/2023
rahularora0908,08/12/2023
kennethgraffeo,08/12/2023
satijareena18,08/12/2023
telma.soares.792,08/12/2023
bank_rollpicks,08/12/2023
klaudiainparis,08/12/2023
kates.homefromhome,08/12/2023
linarvans2024,08/12/2023
ellenia479,08/12/2023
casperdjordje,08/12/2023
ligure7786,08/12/2023
laser4012,08/12/2023
celinekrx,08/12/2023
onilda.diass,08/12/2023
tatianerodriguues,08/12/2023
oriobat2023,08/12/2023
tham_khin_fong2717,08/12/2023
darlanlucdaslane,08/12/2023
rajus_ingh3019,08/12/2023
lbs.shot,08/12/2023
shamaelmuicontemporary,08/12/2023
everythingfrenchblog,08/12/2023
parisin20walks,08/12/2023
artistapedrosa,08/12/2023
artist_victor_nemo,08/12/2023
_parisdiaries__,08/12/2023
chateau_airbnb,08/12/2023
real.travelworld,08/12/2023
bonihendrique,08/12/2023
kt_y_kim,08/12/2023
chereinparis,08/12/2023
yongcheol_lee_,08/12/2023
sightseekersparis,08/12/2023
itzibarrenetxea,08/12/2023
driverinparis,08/12/2023
seveste6,08/12/2023
a.beautiful.mind2023,08/12/2023
abruzzovittoria,08/12/2023
monisansari551122,08/12/2023
vouilloznatacha,08/12/2023
barbara.pwr,08/12/2023
lewis.andrw_botched,11/12/2023
_dewi.ra23,11/12/2023
juveloso10,11/12/2023
13nilou44era99fri_vakuum,11/12/2023
153_hyun,11/12/2023
elequeele,11/12/2023
advokat_85xavier,11/12/2023
intiqam_valeh,11/12/2023
aarzoo0929,11/12/2023
bilgeay67,11/12/2023
les.jolies.decouvertes,11/12/2023
je_taimee_paris,11/12/2023
eplumb,11/12/2023
roi_thie,11/12/2023
foroart8,11/12/2023
cara.mela,11/12/2023
anastya467,11/12/2023
duo.traveltales,11/12/2023
boredexill,11/12/2023
dam_dark3,11/12/2023
koredesuka,11/12/2023
zxclhya,11/12/2023
fabrizioromano_backup,11/12/2023
monicacantarelli50,11/12/2023
_s_irina_000,11/12/2023
mathemorel,11/12/2023
assoruecondorcet,11/12/2023
bonhommedefer,11/12/2023
iwona.officiel,11/12/2023
selmi.akrem,11/12/2023
balinovae,11/12/2023
louis.lgr,11/12/2023
melida_picado,11/12/2023
nejiejeinie,11/12/2023
lefromagequiroule,11/12/2023
les2roses2fleurissaient,11/12/2023
sixpensereads,11/12/2023
annieshcherbakov,11/12/2023
aldu.ks,11/12/2023
algoulesamer,11/12/2023
voyage.1130,11/12/2023
marika_lt,11/12/2023
bilontangsang6,11/12/2023
nerja_777,11/12/2023
bohoemporiojosephe,11/12/2023
officialkwadwoload,11/12/2023
repowq,11/12/2023
couturesoireebyadeel,11/12/2023
michellecsm1212,11/12/2023
mattaio12,11/12/2023
s.khosravi12a,11/12/2023
josrodolf,11/12/2023
guaydil21,11/12/2023
chaulovely101,11/12/2023
midjressomaitre,12/12/2023
maberlyon,12/12/2023
nancy.flanagan.3950,12/12/2023
weihnachtsmann_bln,12/12/2023
guilhermemonteirojr_,12/12/2023
ceciliagarrouxarquitetura,12/12/2023
cincodeamyo,12/12/2023
marabout7688,12/12/2023
anngelabella,12/12/2023
jack.son12315,12/12/2023
r_sureswari,12/12/2023
enjoy_eolie,12/12/2023
mrodasixcotoyacgmail.com2,12/12/2023
karinmh2,12/12/2023
julianagrey76,12/12/2023
immigratingtofrance,12/12/2023
gillesvidal,12/12/2023
vldmr_y,12/12/2023
riazsantorsa,12/12/2023
lourdes_perello_bosch,12/12/2023
bloomwithgrace777,12/12/2023
pierre.bisbal,12/12/2023
sveta.sot,12/12/2023
nicoletta_elle_,12/12/2023
ferhat.9358,12/12/2023
luisfernandogiraldo.f,12/12/2023
thenikkirossi,12/12/2023
asel.bekiyeva,12/12/2023
visit__turkey__,12/12/2023
nollo_at,12/12/2023
sv_travelpassport,12/12/2023
aminefrance264,12/12/2023
chereaparis,12/12/2023
kik0432,12/12/2023
janesoares962,12/12/2023
just_parisienne,12/12/2023
markmark19702023,12/12/2023
ciseminparis,12/12/2023
flisjones,12/12/2023
trixxiart,12/12/2023
olga.paris.555,12/12/2023
shaheenrayan90,12/12/2023
nena_noia,12/12/2023
abdurashid5099,12/12/2023
switzerland_1717,12/12/2023
erickalatiika,12/12/2023
brasileira_morando_na_franca,12/12/2023
joeraffoul91,12/12/2023
john_tb_1985,12/12/2023
john.vivefit,12/12/2023
haquesmaminul,12/12/2023
chez._.yuhko,12/12/2023
ischajongkind,12/12/2023
cristianosalinardi,12/12/2023
nycolle_silva95,12/12/2023
luara_jachetta,12/12/2023
300gold_book435,12/12/2023
robertaprovasdevideo,12/12/2023
oldsport500,12/12/2023
anisacakesaloun,12/12/2023
ruvenamigo,12/12/2023
visuelscontemporains,12/12/2023
travel_the_world_enjoy_today,12/12/2023
nicolasschinkel,12/12/2023
lucas_loyez,12/12/2023
dylanooo13,12/12/2023
soph_ialola,12/12/2023
exploring_every_country,12/12/2023
salimzeghouati,12/12/2023
zhannabalmakhanova,12/12/2023
feruza_yoldashev,12/12/2023
chreim.ahmad,12/12/2023
djane_lamine,12/12/2023
azigaoye,12/12/2023
vivia.ne4649,12/12/2023
gonzalezalan_09,12/12/2023
anna_s_prokopenko,12/12/2023
incredible_france,12/12/2023
clavdialima,12/12/2023
paulolima6706,12/12/2023
sukaliza,12/12/2023
dipernaalan,12/12/2023
lemieuxetcie,12/12/2023
wiggal1970,12/12/2023
marabouts922,12/12/2023
osman.ozel,12/12/2023
lauramccall_1,12/12/2023
abuba7799,12/12/2023
hamid_karimi_zade9,12/12/2023
_____tutu_official_____,12/12/2023
vaskyesq_,12/12/2023
neantcc,12/12/2023
joshmainka.photography,12/12/2023
claudiacotoc_,12/12/2023
karemeliamia,12/12/2023
robertkardov,12/12/2023
fulvia_lucchetta,12/12/2023
peterdemcak,12/12/2023
woodhessler,12/12/2023
eurosloot,12/12/2023
jana_naseraldin,12/12/2023
josem_ariosouza,12/12/2023
nanami_twintail,12/12/2023
meghandono,12/12/2023
shorena.lukava,12/12/2023
travelworld_011,12/12/2023
livelovelaugh_photos,12/12/2023
butterfly.caricature,12/12/2023
pedrorodrigoaranguiz,12/12/2023
emiliedanoise,12/12/2023
pradeepsantham218,12/12/2023
rotterdam.walkandtalk.free,12/12/2023
paris.escapes,12/12/2023
glorialin520,12/12/2023
haalmal_,12/12/2023
jessicalauri3,12/12/2023
popalahmed,12/12/2023
srcreationdetoiles777,12/12/2023
wweuniverse988,12/12/2023
mohamad.ehsan25,12/12/2023
visitarlugares2018,12/12/2023
ali.archivald,12/12/2023
samade33p,12/12/2023
kamielwill,12/12/2023
kumar014176,12/12/2023
joiyavlogs,12/12/2023
markospieri,12/12/2023
guelyp,12/12/2023
bernardino.cj,12/12/2023
chrys.mtn,12/12/2023
dub9858,12/12/2023
john_three_sixteen_star,12/12/2023
e2e2tv97,12/12/2023
jcirom222,12/12/2023
romanticart_mh,12/12/2023
dedaarvlog,12/12/2023
susanna.1272,12/12/2023
escarlet_sr,12/12/2023
marti_nean,12/12/2023
al_fakyou,12/12/2023
elenamirarodriguez,12/12/2023
lesley_yarnell,12/12/2023
naturturismo,12/12/2023
rudy.bsh_,12/12/2023
sherif__ashraf4,12/12/2023
eleonoragreco_,14/12/2023
rihani909,14/12/2023
femmeannetannet,14/12/2023
patisiala,14/12/2023
samiya__130,14/12/2023
rrayeen_chebbi,14/12/2023
viajar.es.vivir20,14/12/2023
jacksoncarousel,14/12/2023
razo_1988,14/12/2023
business.choi,14/12/2023
patry4909,14/12/2023
paco_charlie_e_amigos,14/12/2023
annalizaescamillan,14/12/2023
welbondareff,14/12/2023
paris_above,14/12/2023
irena.muka,14/12/2023
ayatalsaeedi,14/12/2023
abmed767,14/12/2023
bo.nnieli,14/12/2023
d.o.r.a_photography,14/12/2023
ser_ra_h,14/12/2023
aryrebus_sy,14/12/2023
leilamassoumi,14/12/2023
mutlulukmentoru,14/12/2023
bonitoysabrosoparis,14/12/2023
monsieurmohamedelsha3er,14/12/2023
aminisafarisfrance,14/12/2023
everythingfrench_,14/12/2023
francoiseva8,14/12/2023
gisellecorrado,14/12/2023
gisellydias32,14/12/2023
manalba54,14/12/2023
orosman_granda_neira,14/12/2023
basit____93,14/12/2023
parismylove10,14/12/2023
isabel_in_paris,14/12/2023
laifaouisadek,14/12/2023
red_zosia,14/12/2023
michael.brabender,14/12/2023
ackil_cn,14/12/2023
juustiri,14/12/2023
san.ket6088,14/12/2023
shinichi__yoshioka,14/12/2023
tomdouglas54,14/12/2023
ameliecorne,14/12/2023
justmehazel17,14/12/2023
adrianpgonzalezgilabert,14/12/2023
lovkacheva,14/12/2023
philipp.gronies,14/12/2023
nesh.om,14/12/2023
shakhzodik_21,14/12/2023
achrafbak2000,14/12/2023
deciocaldeira,14/12/2023
keith.howie,14/12/2023
globaltravelventure1,14/12/2023
moha_medabdelmonem,14/12/2023
gold_maffie,14/12/2023
natel_valeri,14/12/2023
yousse_f59,14/12/2023
illu_mine_maw,14/12/2023
anamaria.bianca15,14/12/2023
suitcase.diary,14/12/2023
stylo0o,14/12/2023
lageezgirl,14/12/2023
lemalx_tattoo,14/12/2023
nika.tabatabaie,14/12/2023
saber_yousfi3,14/12/2023
elite_chauffeur_paris,14/12/2023
paris.blackandwhite,14/12/2023
vittoriacreazione2a,14/12/2023
its_rods_world,14/12/2023
nina_serov_,14/12/2023
goli.goli2023,14/12/2023
oceane.dupenda,14/12/2023
courtney_hallroleff23,14/12/2023
osana_boeira_,14/12/2023
strawberryandterracotta,14/12/2023
ivanlizarragam,14/12/2023
shakeel_ahmed_realtor,14/12/2023
juanvega9977,14/12/2023
art___nasim,14/12/2023
artizize,14/12/2023
trg.louis6213,14/12/2023
yelena__kh,14/12/2023
erikabetti__,14/12/2023
elysangelaantunes,14/12/2023
alex.pj.1235,14/12/2023
leoncechenal,14/12/2023
romain.parisien,14/12/2023
lydie5412,14/12/2023
nadouchdandan,14/12/2023
gokulagopal,14/12/2023
mic.helle13005,14/12/2023
karlieroman3383,14/12/2023
moni_monev,14/12/2023
leotrim_ahh,14/12/2023
sagio_the_kid,14/12/2023
davemil464,14/12/2023
sami._ait,14/12/2023
young7.chris,14/12/2023
paris_mon_coeur_,14/12/2023
aprplus7,14/12/2023
culmarina,14/12/2023
its.planet.art,14/12/2023
dongdongparis,14/12/2023
iharvera,14/12/2023
john_lopes,14/12/2023
jose.vernelus,14/12/2023
rameen_fatima_05,14/12/2023
xian_.226,14/12/2023
lucathevizsla,14/12/2023
isufi166,14/12/2023
yosoybryananaisaia310,14/12/2023
beccaintheburgh,14/12/2023
chantalgoyave,14/12/2023
luc1ooooo,14/12/2023
baklarokhalil,14/12/2023
luminescentphotography1,14/12/2023
normandycaptures,14/12/2023
nuriya_masymkanova_,14/12/2023
aylin.arasil,14/12/2023
athome.astana,14/12/2023
vi.taly223,14/12/2023
vanillastyleofficial,14/12/2023
onelife_oneworld_live,14/12/2023
hollandbikestours,14/12/2023
nicolassegretain,14/12/2023
zarifmohammadi97,14/12/2023
vanessasilvataurina,14/12/2023
anna_ambitska,14/12/2023
anamarinaghotmail.com9647,14/12/2023
frauschweiger,14/12/2023
ohood_alothman,14/12/2023
simonejaismerlo,14/12/2023
aghast_g,14/12/2023
prokash_lm10,14/12/2023
karmoshalkz,14/12/2023
amantedetrenes,14/12/2023
alisoulfotografiarte,14/12/2023
geraldina_mia,14/12/2023
aliaalia1745,14/12/2023
senorita_karlas,14/12/2023
moch.imocha00,14/12/2023
maya_morle555,14/12/2023
parisescapade,14/12/2023
ninatruehart,14/12/2023
mireggram,14/12/2023
geni_si54,14/12/2023
castleberrymichelle,14/12/2023
isabelle_belleisa,14/12/2023
vermeulen1683,14/12/2023
immabastardas,14/12/2023
alylallasidi,14/12/2023
sergionvro,14/12/2023
jacquelineparis2022,14/12/2023
jornalista_marcela_fernandiss_,14/12/2023
lelieu_uk,14/12/2023
marcelogalvaocastelen,14/12/2023
h__prov,14/12/2023
josep_samaranch,14/12/2023
niran_jan7082,14/12/2023
2becook,14/12/2023
sonia__fra_,14/12/2023
sweetieemilie,14/12/2023
kerbymichel91,14/12/2023
cyrilmitilian,14/12/2023
alexandrachristine72,14/12/2023
dow3389,14/12/2023
otiliasantossilva,14/12/2023
tsengyuki8848,14/12/2023
angelstich77,14/12/2023
learnandtravelblog,15/12/2023
garcialilitalavera,15/12/2023
zibrankhank92023,15/12/2023
usa432366,15/12/2023
felizitas1944,15/12/2023
losviajesdemiay,15/12/2023
elenanolibos,15/12/2023
juanpablo.villanueva,15/12/2023
zh.zhupar,15/12/2023
le.delizie.del.palato,15/12/2023
___.marii__,15/12/2023
stylenewsbysandraiskander,15/12/2023
somos_india,15/12/2023
ada_carolina,15/12/2023
argent.cuisinefrancaise,15/12/2023
sandloh_96,15/12/2023
zeynepilkgun,15/12/2023
saraiicruz,15/12/2023
hanaqueen589,15/12/2023
lllcarlallll,15/12/2023
kirasabi1607,15/12/2023
ivanbm91,15/12/2023
betrachtung_f,15/12/2023
osakalazyloosetravelagency,15/12/2023
c4lmd4v1d,15/12/2023
isa_1529,15/12/2023
sevimkeyfiala,15/12/2023
alex690408,15/12/2023
polka_w_paryzu,15/12/2023
micadupont_moretti97,15/12/2023
ruthmonte22,15/12/2023
vicenteprietofilho,15/12/2023
itz_melly._,15/12/2023
sulivan_hub_photo,15/12/2023
ansarishanaya88,15/12/2023
a9ayel_92,15/12/2023
divorcedandafter,15/12/2023
ahmadmuhd655,15/12/2023
molitorbarrestaurant,15/12/2023
nasupply.shop,15/12/2023
schu.tzengel23official,15/12/2023
isabeldiazturnbull,15/12/2023
lebriag,15/12/2023
browlashqueen,15/12/2023
belecat,15/12/2023
la.beaute.du.lieu,15/12/2023
creativarose,15/12/2023
julian.cutajar.white.panthera,15/12/2023
so__u__mit__09,15/12/2023
mgbul,15/12/2023
grady_home_of_an_artist,15/12/2023
boschrandyrodriguez,15/12/2023
angello7746,15/12/2023
paris_vip_360,16/12/2023
janlinder4,16/12/2023
flavi_nhanogueira,16/12/2023
agbokoniarmand,16/12/2023
ashraqat.badawy,16/12/2023
svet.l.an.a,16/12/2023
sergio.mazzaglia.sm,16/12/2023
natalya_yurovskikh,16/12/2023
ramin19447,16/12/2023
francois.meyer.359,16/12/2023
edis_detidito333,16/12/2023
ferit.bikcan,16/12/2023
chefanamariamejia,16/12/2023
ivan_21bau,16/12/2023
bridgetmoore450,16/12/2023
japansakazuki,16/12/2023
akwaabaaservicesandtravel,16/12/2023
guesthouse73cagliari,16/12/2023
dea_bancuri,16/12/2023
doitmystyle,16/12/2023
paris_romance,16/12/2023
kakako_ko,16/12/2023
chris_arfian,16/12/2023
chicco.baldiraghi,16/12/2023
abbiasov_movie,16/12/2023
danielsousa4452,16/12/2023
aldblnayf9,16/12/2023
travel_180uk,16/12/2023
kashan628,16/12/2023
briantagus,16/12/2023
sanamjon493,16/12/2023
milarosenova,16/12/2023
faraz5a,16/12/2023
monica_lo_mundo7,16/12/2023
sami_on_the_road,16/12/2023
parisaholicgram,16/12/2023
58.178750,16/12/2023
anik.vhuiyan.7,16/12/2023
james.demery.54321,16/12/2023
linxidaizhi4,16/12/2023
ellaella3152,16/12/2023
yolandayyyue,16/12/2023
mukesh786278,16/12/2023
dansartworld,16/12/2023
sheketaolesia,16/12/2023
lizzy__studiesabroad,16/12/2023
felicia.rules,16/12/2023
lucciaranataferrai,16/12/2023
ab__de_lh__ak,16/12/2023
adiuixs_,16/12/2023
amin.hashemi.84,16/12/2023
ale_jaqueline_jade_,16/12/2023
irina.naymenkoff,16/12/2023
amaro_euromilhas,16/12/2023
lucylee9936,16/12/2023
naiem6875,16/12/2023
miss_boulette,16/12/2023
armandoneri88,16/12/2023
fokus_management,16/12/2023
germanmarquez39,16/12/2023
helmi_kirsch,16/12/2023
poetrytresbien,16/12/2023
alix_andr5,16/12/2023
robertafruenciadoracloset,16/12/2023
galocci,16/12/2023
horizondutemps,16/12/2023
edkints,16/12/2023
vladimirhgonzalez,16/12/2023
hernandezhildca,16/12/2023
marekkolacek.cz,16/12/2023
dlm_projection,16/12/2023
fzpmka,16/12/2023
lovefrancephotography,16/12/2023
gurwinder_dhillon21,16/12/2023
michel.vience,16/12/2023
bnlhcnnn,16/12/2023
dawn.b.ww.on.wheels,16/12/2023
visiongraphicc,16/12/2023
rietveldantiques,16/12/2023
nagachakrikaoffi,16/12/2023
robyrobyroby86,16/12/2023
sa_bine7351,16/12/2023
___benchmarc___,16/12/2023
trxpp.gee,16/12/2023
victori6534,16/12/2023
itstommyphotography,16/12/2023
nobutaka_furuta,16/12/2023
ore_on_earth11,16/12/2023
sandu8269mali,16/12/2023
youngjkristen64,16/12/2023
albert8feng,16/12/2023
mohonbaig,16/12/2023
kfantous,16/12/2023
matthew_j_b,16/12/2023
daagbonon,16/12/2023
korrrli,16/12/2023
venise_sur_seine,16/12/2023
frei.lucius,16/12/2023
btruffelli,16/12/2023
selbri7777,16/12/2023
parissieblog,16/12/2023
edoudjimechack,16/12/2023
lifeetvoila,16/12/2023
marcic52,16/12/2023
alfiochristian,16/12/2023
unamirinda,16/12/2023
mukhammedali2021,16/12/2023
coquitlamgirl,16/12/2023
chrisa_papadi1,16/12/2023
claraly_studio_lifestyle,16/12/2023
romakoshertours,16/12/2023
emmykondo,16/12/2023
niahadddad,16/12/2023
voyagewithariel,16/12/2023
sowe2587,16/12/2023
achrafbitar33,16/12/2023
iphoneographera,16/12/2023
santanaflaviodamasceno,16/12/2023
tatoul.hadjian,16/12/2023
ciadacasaamarela,16/12/2023
plan_virment_instantane,16/12/2023
quimmonzo,16/12/2023
agartenberg_eventing,16/12/2023
4rubies,16/12/2023
shotaro_crf,16/12/2023
gaylekligman,16/12/2023
manifestwithrachel,16/12/2023
bj_melb,16/12/2023
browntresa,16/12/2023
16sillypaws,16/12/2023
zeynomomo,16/12/2023
cooklyn_barandgrill,16/12/2023
thefullreport,16/12/2023
rafaalves_nascimento,16/12/2023
lovekjs25,16/12/2023
voyageaveclara,16/12/2023
123eureka456,16/12/2023
artykfilm,16/12/2023
vivienfoldes,16/12/2023
saribkjn,16/12/2023
betsy_szewach,16/12/2023
nohaibn,16/12/2023
jolana_90,17/12/2023
motaz_assi,19/12/2023
baijinghuizi,19/12/2023
c____o___o___l,19/12/2023
verena.rieger,19/12/2023
danielguasch,19/12/2023
luigi_ballarin._,19/12/2023
shena_blackhole,19/12/2023
the_b_du13,19/12/2023
canmarspirit,19/12/2023
anneorion,19/12/2023
doksuz.media,19/12/2023
aman.almusin,19/12/2023
parisflowers.shop,19/12/2023
olaszorszagbanutazunk,19/12/2023
mariafota19121968,19/12/2023
sonuprajapati057,19/12/2023
mohamedalibhn,19/12/2023
vincenzosabatino7,19/12/2023
wtakuy,19/12/2023
supawank,19/12/2023
claudiagranata28,19/12/2023
tokaxahi,19/12/2023
the_kabby_cabin,19/12/2023
thomas_a_green81,19/12/2023
laura_skubenova,19/12/2023
cullewoodenproducts,19/12/2023
alessandraamarena,19/12/2023
ben_mlh,19/12/2023
friedrichsiepmann,19/12/2023
rosa.bracho.180,19/12/2023
janelc20192020,19/12/2023
marcus_henry9624,19/12/2023
luigifornito,19/12/2023
alexandra_monaco_2512,19/12/2023
jeromeparket,08/01/2024
userebakova44,08/01/2024
svetlana___sotnik,08/01/2024
eyeviewnft,08/01/2024
karenstrassman,08/01/2024
azammusa4,08/01/2024
hangingwithhankdoodle,08/01/2024
amatunitour,08/01/2024
malle3749,08/01/2024
estelabragancaa,08/01/2024
brad.pitt7391,08/01/2024
mrabdumalik_blog,08/01/2024
esthelarose,08/01/2024
damianallen5389,08/01/2024
nagachakrika_official,08/01/2024
yourguideinparis,08/01/2024
darefrenchtravel,08/01/2024
betseybluecampervan,08/01/2024
kimhyeyeon6281,08/01/2024
laidbackstudies,08/01/2024
domainesevenements,08/01/2024
mosim3785,08/01/2024
shanaiasun,08/01/2024
this.is.you.go,08/01/2024
romace_otto,08/01/2024
_amy.buchanan,08/01/2024
robertmensah2204,08/01/2024
alesscappi,08/01/2024
tanyasingerknits,08/01/2024
thehistorichousehugger,08/01/2024
cassndras,08/01/2024
eiffeltowerinside,08/01/2024
hansamu_chan,08/01/2024
palmnettipa,08/01/2024
jorge711ty,08/01/2024
kinorjudaicamiami,08/01/2024
marialuisdemee,08/01/2024
gogojungle,08/01/2024
phillip.marlow.1,08/01/2024
fashiontravelweek,08/01/2024
m.in.paris,08/01/2024
gui.rouee,08/01/2024
micalestefanealmeida,08/01/2024
h.i.photos,08/01/2024
pora_miz,08/01/2024
farz_anamaria,08/01/2024
pizzadiloretta,08/01/2024
dolcefarniente.ofri,08/01/2024
msatoscana,08/01/2024
ju.hena1,08/01/2024
banak16,08/01/2024
ab7aham,08/01/2024
sourabh_singh_9001,08/01/2024
sesmil0327,08/01/2024
traveladdictsonly,08/01/2024
basiliketsaouse,08/01/2024
shirina.salman,08/01/2024
cool.ofi.eu,08/01/2024
domedigi,08/01/2024
ivonnepauliaclarrain,08/01/2024
parisfordreamers,08/01/2024
merie_m5992,08/01/2024
geirlillemark,08/01/2024
napaconcierge,08/01/2024
paris_passionista,08/01/2024
liagibagomez,08/01/2024
gassamadefo,08/01/2024
santoshksahoo,08/01/2024
ikat.1818,08/01/2024
pinku_98761,08/01/2024
maiquie,08/01/2024
lisbonnevivreaimer,08/01/2024
hhvuc_,08/01/2024
whatifparis.ai,08/01/2024
alex_fx_70,08/01/2024
iloveparis.nl,08/01/2024
attraversounoscatto_,08/01/2024
b_andrius,08/01/2024
dathhh,08/01/2024
hmilovskamari,08/01/2024
michetenalexandra,08/01/2024
wangyeulchoi,08/01/2024
kellicarter717,08/01/2024
reelyourlifeaway,08/01/2024
designergirl66,08/01/2024
yamina.mina,08/01/2024
zahavabee,08/01/2024
arpitmalviya0102,08/01/2024
tobykaplowitz,08/01/2024
_napoleo_nn,08/01/2024
sophie_losan,08/01/2024
azzeddinemokhfi,08/01/2024
dlylaurent,08/01/2024
jenjfc,08/01/2024
joseaybartineo,08/01/2024
concept_visuel_,08/01/2024
dasilveira21,08/01/2024
chopinyohann,08/01/2024
michael3490jones,08/01/2024
andzia132312,08/01/2024
rachoumir,08/01/2024
rabahflp,08/01/2024
massi_violi,08/01/2024
paristumemanques,08/01/2024
valeriaalbornoz100,08/01/2024
hairfarm_napoli,08/01/2024
biiah_albuqueerque7,08/01/2024
tobejin_,08/01/2024
ambimags,08/01/2024
viqihs._,08/01/2024
deconstructedlivingdesign,08/01/2024
uhgovec,08/01/2024
vacation_postcard,08/01/2024
s.eliud,08/01/2024
lupo__della_steppa,08/01/2024
mhatteussampaio,08/01/2024
lamirna13,08/01/2024
broc.olispodre,08/01/2024
melissamale,08/01/2024
maijiddar_,08/01/2024
monika_b._paitl,08/01/2024
fraroltd,08/01/2024
christophecharmont7,08/01/2024
premnproper.family,08/01/2024
barcelonainspira,08/01/2024
ip___agency,08/01/2024
daveandjudy123,08/01/2024
balad_amar,08/01/2024
protegerealestate,08/01/2024
uae.f35,08/01/2024
lynda.feldman,08/01/2024
55giorgia1988,08/01/2024
the_kabby_cabin_at_voyageursnp,08/01/2024
lizarragalaura,08/01/2024
depedyse,08/01/2024
imanahmad250,08/01/2024
zen.attitude10,08/01/2024
dianeovid,08/01/2024
yanguaspaqui,08/01/2024
fabiofarabella87,08/01/2024
tamtruong081087,08/01/2024
pinkcadillac42,08/01/2024
mari_styling_,08/01/2024
san_fe,09/01/2024
claudiouriacriad,09/01/2024
joelcastro_09.10,09/01/2024
paris_to_paname,09/01/2024
latapicerachile,09/01/2024
raganyevelin,09/01/2024
milic_officiall,09/01/2024
jays_trx,09/01/2024
ditosevinhos,09/01/2024
by_maaeva,09/01/2024
edbrasil,09/01/2024
rawad1971,09/01/2024
aadavedenoja,09/01/2024
chez_francesco91,09/01/2024
mar1an.1995,09/01/2024
boyb.oy5145,09/01/2024
katetsacheva,09/01/2024
baitechehocin,09/01/2024
fernandohr2.1,09/01/2024
whiskedaway_travelandbaking,09/01/2024
twigsquirrel,09/01/2024
allahwidi,09/01/2024
rafa_ellopez___66,09/01/2024
tatilatagency,09/01/2024
redheartinrose,09/01/2024
ca_gandini,09/01/2024
lidikonst,09/01/2024
abkurties,09/01/2024
suziecappai,09/01/2024
meursault225.swoosh,09/01/2024
danuzzom,09/01/2024
cattofrancesca,09/01/2024
marino_bcn,09/01/2024
marco.b69,09/01/2024
steven197077,09/01/2024
robertijo85,09/01/2024
gymbomang,09/01/2024
denisaleksandrov768,09/01/2024
william_fromfrance,09/01/2024
parisyou43,09/01/2024
khalidkhalid.i,09/01/2024
taniamairitschkorte,09/01/2024
bee_jar_travel,09/01/2024
stephenmike7672,09/01/2024
o.alamery912,09/01/2024
rectanglesfromcities,09/01/2024
vacationingeurope,09/01/2024
danielle.dutra.184,09/01/2024
naal_ii58,09/01/2024
ilaria.bertolasi,09/01/2024
celiagarciaferper,09/01/2024
mrmbadger,09/01/2024
applex2978,09/01/2024
keerisnith,09/01/2024
lamour.olya,09/01/2024
haphed007,09/01/2024
muhammad_ali1315,09/01/2024
thebabies.cat,09/01/2024
yeasirshamari,09/01/2024
emma_the_american_bully_micro,09/01/2024
ksy.rolexroyce_official,09/01/2024
pilymoran,09/01/2024
cristhianjtg,09/01/2024
carla.maria71,09/01/2024
prinsal_sankariya,09/01/2024
brownlauraa2005,09/01/2024
paulitaechego,09/01/2024
henryspad,09/01/2024
tornado272urban,09/01/2024
littlemisssunshine_inprovence,09/01/2024
calabrese929,09/01/2024
rajasree._.a,09/01/2024
josemanuel_armas,09/01/2024
l.e.n.ny,09/01/2024
wanderfull_voyage,09/01/2024
ticketdigg,09/01/2024
ibrahimsylla830,09/01/2024
gillard9950,09/01/2024
mehdiwaqar59,09/01/2024
jeanpaulkabongo,09/01/2024
urbanolivier,09/01/2024
paiosilvax,09/01/2024
cq2680201.tw520,09/01/2024
ipodjanee,09/01/2024
jeorge_vlue,09/01/2024
gabriele_b160,09/01/2024
samandar_6817,09/01/2024
paris_ashgraphy,09/01/2024
lucho.r.ok,09/01/2024
duclos1803,09/01/2024
crizsaraiva,09/01/2024
hevinwang,09/01/2024
djphilengland,09/01/2024
gorska.natalie.9,09/01/2024
dignanimarco,09/01/2024
01_defna_01,09/01/2024
abdo.mdeo,09/01/2024
travellingbookjunkie,09/01/2024
olivialourier63,09/01/2024
celix.prvt,09/01/2024
julia.na7831,09/01/2024
basim.all,09/01/2024
gabana_emporio_,09/01/2024
uronkepse,09/01/2024
pargooj,09/01/2024
masoudfarhadi38,09/01/2024
btnjerome,09/01/2024
kristinalehner20,09/01/2024
etielisantos,09/01/2024
mariabresileuropa,09/01/2024
inpuglia_paris,09/01/2024
giabbanifederico,09/01/2024
christiantheilephotography,09/01/2024
jackmanjanice,09/01/2024
edifagundes62,09/01/2024
rozuca,09/01/2024
doushichattano.world,09/01/2024
patty_ml87,09/01/2024
ibrahim_yousef2022,09/01/2024
dorine_van_hagen,09/01/2024
josephine_kleine,09/01/2024
raquel.pereira06u,09/01/2024
meera_gayathri,09/01/2024
alessiocurreli_,09/01/2024
cordyhudson,09/01/2024
stephen27448,09/01/2024
josemata06,09/01/2024
thedanielcrowley,09/01/2024
straub.diane,09/01/2024
rooftops_paris,09/01/2024
defaria_joel,09/01/2024
ton.3364,09/01/2024
soy_changljc,09/01/2024
alexsunday220,09/01/2024
majidcheragh1379,09/01/2024
8126_naomi,09/01/2024
jucastro.art,09/01/2024
adrian.brrown,09/01/2024
fra_palermo22,09/01/2024
pfeiffermatthieu,09/01/2024
alireza_12211,09/01/2024
leonardoritchie,09/01/2024
come__ungirasole,09/01/2024
emanuelecarfora5,09/01/2024
shabnam.6767,09/01/2024
alfred.moeser,09/01/2024
motivationboard4u,09/01/2024
nusfan,09/01/2024
_ngduc.thinh_,09/01/2024
creativebydny,09/01/2024
nata_yoga_fitnes,09/01/2024
josealin_95,09/01/2024
lolamont79,09/01/2024
flaviapaezd,09/01/2024
lenatravelssx,09/01/2024
yek_fenjan_hale_khob,09/01/2024
walimai.foto,09/01/2024
nathaliaeyebrows,09/01/2024
dondaniels252,09/01/2024
xo_ne_ri,09/01/2024
wajdi.6111,09/01/2024
ajay.chouna,09/01/2024
cmarlanda,09/01/2024
abdelmotalebe13,09/01/2024
feriell._,09/01/2024
c.m.g.77,09/01/2024
ragu_veer_555,09/01/2024
andrecorraes,09/01/2024
emmepibi,09/01/2024
herbertwinkelmayer,09/01/2024
sharon_rose.vlog,09/01/2024
oro_esencias,09/01/2024
zaeemsn,09/01/2024
royelfriend4455,09/01/2024
thecalcuttaphilosopher,09/01/2024
sadbeeq,09/01/2024
mariamoutsi18,09/01/2024
jociofficial11,09/01/2024
annalindaknoll,09/01/2024
guayomaturana,09/01/2024
guedes.marcellus,09/01/2024
amal.sh.photog,09/01/2024
lady_wander_lust,09/01/2024
k7854238,09/01/2024
zele_maria,09/01/2024
disenokvm,09/01/2024
blankbookk,09/01/2024
residence_les_boulevards,09/01/2024
svetulya_vozniuk,09/01/2024
sebastiancolnaghi.france,09/01/2024
foussd,09/01/2024
kobany888,09/01/2024
ladel_lunarcito,09/01/2024
paciobellofigheiro,09/01/2024
adm.elitonsousa,09/01/2024
guisky_,09/01/2024
alexdiprima1,09/01/2024
travellesh_diary,09/01/2024
dr._nabilalsaraf,09/01/2024
poplawski.krzysztof,09/01/2024
carranza9662,09/01/2024
jisooo0104,09/01/2024
_twofoots_,19/01/2024
abderrahmanbelhaj4,19/01/2024
enesdoganv,19/01/2024
carmenila6434,19/01/2024
lekawien13,19/01/2024
ahmodhacan,19/01/2024
paris_franceparis,19/01/2024
funny_videos4u1,19/01/2024
mari.emoore6420,19/01/2024
kiki.dreamsofparis,19/01/2024
sunxiaojie55,19/01/2024
lamine_sow123,19/01/2024
wy99_252019,19/01/2024
lissee_v,19/01/2024
ah_45_ed,19/01/2024
instaced_,19/01/2024
artificiallucy,19/01/2024
i.err2100,19/01/2024
cantmisscinema,19/01/2024
fatkatlat5,19/01/2024
ineslivecar,19/01/2024
cool.ofi,19/01/2024
frio77,19/01/2024
ana_is_studying,19/01/2024
j.airtonrodrigues,19/01/2024
aggiehalek,19/01/2024
bachetjoelle,19/01/2024
ip____agency,19/01/2024
inna.ochkolyas,19/01/2024
mamigorota,08/02/2024
negeshka,08/02/2024
josecarlosda2463,08/02/2024
karim_benki9,08/02/2024
sylvye60,08/02/2024
iamgeniiieee,08/02/2024
dinesh_k_26,08/02/2024
euro.trips.fr,08/02/2024
circa1017,08/02/2024
oj.officiall,08/02/2024
rom_buff,08/02/2024
legrandhotelcayre,08/02/2024
cellarmistress,08/02/2024
bayan_beauty123,08/02/2024
tong.youyou,08/02/2024
user_36239596,08/02/2024
_tranquilityinthecity,08/02/2024
joakin_san,08/02/2024
bryancwilks,08/02/2024
aris_sand05,08/02/2024
ernestomejiat,08/02/2024
niresh_buton,08/02/2024
on_fetelavie,08/02/2024
_sasha_sun_shine_,08/02/2024
hundreb_pilates,08/02/2024
tourswithvaleria,08/02/2024
dettorrelaetitia,08/02/2024
the_season_home_maldives,08/02/2024
susankaufercarey,08/02/2024
cynthia.alvg,08/02/2024
daniele_frantellizzi_,08/02/2024
worldartlife_photos,08/02/2024
momoohnishi,08/02/2024
claybournerd,08/02/2024
zeinshaban052,08/02/2024
bigdave105,08/02/2024
chadpar42,08/02/2024
deseplikon25,08/02/2024
tableresinemaroc,08/02/2024
photomatt.w,08/02/2024
gcsillince,08/02/2024
francocacelli,08/02/2024
kg_kph,08/02/2024
_07akashdeep,08/02/2024
nature_love_spirit,08/02/2024
nardine2024,08/02/2024
bozzanofran,08/02/2024
gezelicek_yerler,08/02/2024
aglii168,08/02/2024
constanzevonmiquel,08/02/2024
karolina.fw,08/02/2024
goldentrishula_fact,08/02/2024
stella_vid,08/02/2024
ehabcouchsurfing,08/02/2024
giusy.spalla59,08/02/2024
fkfm287,08/02/2024
ziqian.tan.75,08/02/2024
weare.immo,08/02/2024
vjeanfa,08/02/2024
mayaot973,08/02/2024
gdtrardguftds,08/02/2024
petch.mxt,08/02/2024
100migo,08/02/2024
efremov025,08/02/2024
kimbashrealestate,08/02/2024
nini_la_para_,08/02/2024
arslan_ur_rehman936,08/02/2024
mmnyland,08/02/2024
chayacohen123,08/02/2024
jose_emanuel.galvao,08/02/2024
vidalgus,08/02/2024
liesaharte,08/02/2024
andris.91,08/02/2024
sjshs1591,08/02/2024
jociofficial12,08/02/2024
pricekarenm,08/02/2024
rajapati000,08/02/2024
mariaeugeniabarrien,08/02/2024
sceneparisienne,08/02/2024
raouf_leon_francais,08/02/2024
lisbuenamaria,08/02/2024
miwako52,08/02/2024
parisbyana,08/02/2024
savirfotos,08/02/2024
nicoletta.apostol,08/02/2024
yasamkocuozgurbalci,08/02/2024
donhau_,08/02/2024
ndongoyex,08/02/2024
priscillax111,08/02/2024
rocio_energyjack_2016,08/02/2024
zuzanafriesova,08/02/2024
netchaev.colors,08/02/2024
elodie.pruneta,08/02/2024
kevin.bonnaud,08/02/2024
la_valeriquaise,08/02/2024
luisa.cotti,08/02/2024
arturovergaraoyarce,08/02/2024
paris_photo_walks,08/02/2024
daniel__ramsay,08/02/2024
mybellarinekitchen,08/02/2024
tripay14324,08/02/2024
forgioneemilio,08/02/2024
gattosoriano75,08/02/2024
samythe.seal,08/02/2024
beba939,08/02/2024
debaken,08/02/2024
roxanaroxanaaaaaa,08/02/2024
mae.va_mds,08/02/2024
grahamgarside63,08/02/2024
panuelosesteban,08/02/2024
massyalbe,08/02/2024
j_apprendlefrancais,08/02/2024
devilkitten65,08/02/2024
kees.vandijk.art,08/02/2024
podroze_dagi,08/02/2024
schneewittechen,08/02/2024
_manerasdevivir_,08/02/2024
dhikra_mannequin_officielle,08/02/2024
alizeh_dan,08/02/2024
poticoda,08/02/2024
___juli__juliya___,08/02/2024
janfparie,08/02/2024
viviane_hiroko,08/02/2024
angelabax_artista,08/02/2024
karen_merrey,08/02/2024
naryi646,08/02/2024
pics.n.pixels,08/02/2024
